focal_system_id,F_I,F_P,F_T,F_total,IFS,PFS,TFS,MFE,IFCI,PFCI,TFCI,n_I,n_P,n_T,ENP_I,ENP_P,ENP_T
Albania,295633.6062137996,24974.0689993732,35476.1299864987,356083.8051996715,0.8302360340370581,0.07013536879434651,0.0996285971685955,0.5193899495511525,1.0,0.33579719401578356,0.15936738451871696,1,3,28,1.0,1.7946937495601036,5.2801104416208355
Algeria,7936432.257191989,218515.98454646498,172317.63516903366,8327265.876907487,0.9530657930834985,0.026241024098009907,0.02069318281849163,0.2017007686459733,1.0,0.9917176611519856,0.9299188182525858,1,4,33,1.0,1.0062505812096927,1.0729124586821517
American Samoa,31781.20361575281,3015.0459037929,176473.1929840264,211269.4425035721,0.15042972253413062,0.014271093197691959,0.8352991842681775,0.4514086229798402,1.0,0.6100219718744635,0.34323434247337165,1,3,19,1.0,1.3513246025815069,2.646896425342721
Andaman & Nicobar Isl. (India),1705861.343062315,0.0,101323.2268978503,1807184.5699601653,0.9439331053495639,0.0,0.05606689465043612,0.19661659138533288,1.0,,0.2970749144560139,1,0,13,1.0,,2.8478176791088763
Angola,21515057.876415964,845888.2429991891,16986158.773842413,39347104.893257566,0.5468015482913646,0.02149810628492107,0.4317003454237144,0.7056848261599339,1.0,0.25410154542716556,0.15442046092492365,1,2,37,1.0,1.594767191933226,5.640986351436881
Anguilla (UK),55345.1054574371,0.0,5657.0182016927,61002.1236591298,0.9072652251698118,0.0,0.09273477483018823,0.2810999367127266,1.0,,0.16807056028120276,1,0,19,1.0,,4.72018016145344
Antigua & Barbuda,158738.8629598317,0.0,14977.826318870302,173716.689278702,0.9137801532998326,0.0,0.08621984670016741,0.26734050676224086,1.0,,0.13203467512843817,1,0,15,1.0,,5.265956331471204
Argentina,50071466.3094739,555107.8300321234,3980727.919761682,54607302.05926771,0.9169371937681363,0.01016545057343504,0.07289735565842866,0.28859747876584296,1.0,0.839493689886045,0.12843497835201365,1,3,19,1.0,1.1198261039420125,5.7370101229546515
Aruba,43240.860272540296,51957.056964911004,37621.9252494741,132819.8424869254,0.3255602435818042,0.39118444949236847,0.2832553069258274,0.9919811921272558,1.0,0.7619899285263488,0.2102866369374007,1,3,37,1.0,1.188599026104416,4.317225566901364
Ascension Islands,2480.312240064001,0.0,7276.5801495259,9756.8923895899,0.2542112940294766,0.0,0.7457887059705235,0.5160279125087343,1.0,,0.40497881884571546,1,0,15,1.0,,2.248975547612112
Australia,15234881.920598088,1129366.458263071,1256000.0589918843,17620248.437853042,0.8646235593290192,0.06409480900603465,0.07128163166494621,0.44613165465635773,1.0,0.9985505030905837,0.32453563066087465,1,3,29,1.0,1.0009672659723026,2.8749882751831204
Azores Islands (Portugal),949900.142982922,45942.279576,214837.10249260167,1210679.5250515237,0.7846008157629464,0.03794751511474088,0.1774516691223127,0.5655315562918753,1.0,1.0,0.28034807107004583,1,1,30,1.0,1.0,3.2858369037012114
Bahamas,975368.033364289,115825.04073109917,76432.6856897166,1167625.7597851048,0.8353430242441724,0.09919705844141033,0.06545991731441728,0.5078796357333473,1.0,0.9968368462721587,0.5125392557378043,1,3,20,1.0,1.002113225456548,1.8625015912821026
Bahrain,2168349.952673656,45.84225394,2264.1500116657,2170659.944939262,0.9989358110785655,2.1119039878576067e-05,0.001043069881555793,0.007693581473379312,1.0,1.0,0.09843490273957671,1,1,8,1.0,1.0,4.736406208629201
Balearic Islands (Spain),679687.8415469023,0.0,1432.644716798,681120.4862637003,0.9978966354034412,0.0,0.002103364596558827,0.013714343985904726,1.0,,0.9814228579124123,1,0,9,1.0,,1.0167902732257708
Bangladesh,34114059.39254438,58844.242535004,874838.6859737193,35047742.3210531,0.9733596840573705,0.0016789738407673807,0.02496134210186217,0.1175375565498686,1.0,1.0,0.9954600936456652,1,1,11,1.0,1.0,1.0041442918648238
Barbados,353845.47192546807,3598.8750062,11494.7120303249,368939.05896199297,0.9590892135980653,0.009754659797543273,0.031156126604391463,0.17594842495743898,1.0,1.0,0.23062718316788225,1,1,18,1.0,1.0,3.65804430044515
Belgium,770391.4808908687,292387.90503297397,35256.0556924239,1098035.4416162665,0.7016089387396108,0.26628275732392576,0.032108303936463405,0.6475340659881791,1.0,0.4769649038942895,0.5255484615296673,1,4,11,1.0,1.6454846772161784,1.758456886473905
Belize,405634.77721530665,6014.217455124,26486.665611744298,438135.66028217494,0.9258200461338012,0.013726838512187367,0.06045311535401146,0.2729341174938745,1.0,1.0,0.2619921464365152,1,1,12,1.0,1.0,3.0912589004065554
Benin,3162926.423286867,20677.851830058004,209122.28912816307,3392726.5642450876,0.9322668253374692,0.006094759314816464,0.0616384153477145,0.24414847684762317,1.0,1.0,0.09073100829473908,1,1,35,1.0,1.0,8.568237098211124
Bermuda (UK),59079.0290701239,0.0,20784.430753057397,79863.4598231813,0.7397504340649104,0.0,0.2602495659350896,0.5218563449004232,1.0,,0.1787717730406856,1,0,21,1.0,,4.589727071850181
Bonaire (Netherlands),30643.1514484238,56408.547157134504,35568.8719495884,122620.57055514671,0.24990220898248483,0.46002515647866465,0.29007263453885046,0.9673423998317183,1.0,0.946978620432477,0.2488700573738556,1,2,43,1.0,1.0272326460142358,3.7546248214346605
Bosnia & Herzegovina,3376.5261122156994,1.0805704392,6.810356115599999,3384.4170387704994,0.9976684532478105,0.0003192781583420206,0.002012268593847431,0.01583087519089896,1.0,0.8174220124315368,0.30656602628124674,1,2,12,1.0,1.1004598746573953,2.744597192952561
Bouvet Isl. (Norway),3.5822621043,0.0,780.7274139080001,784.3096760123001,0.004567407764893902,0.0,0.9954325922351062,0.026551543005952756,1.0,,0.2167000481706299,1,0,3,1.0,,2.0929257697536587
Brazil (mainland),46439203.51970917,35730.923771974005,444475.2601958951,46919409.70367704,0.9897652978372777,0.0007615382204856213,0.009473163942236509,0.05442171247159224,1.0,0.45233159290461655,0.16173655201835943,1,2,20,1.0,1.3770959812284083,4.910392110083089
British Virgin Isl. (UK),118833.96772350903,0.0,6845.1226683668,125679.09039187584,0.9455349123945499,0.0,0.0544650876054501,0.19247757094804963,1.0,,0.20154449649865142,1,0,18,1.0,,4.066641922369032
Brunei Darussalam,578951.7294719999,31402.886057942,11454.354217811006,621808.9697477529,0.9310765164852178,0.05050246552519354,0.018421017989588756,0.26474945338780015,1.0,0.5186664290184176,0.7488659992163754,1,5,16,1.0,1.6261930439660834,1.3079386164277085
Bulgaria,890717.563803,221877.023033356,7036.235951874001,1119630.82278823,0.7955457689033922,0.19816980608019796,0.006284425016409944,0.48660163772687676,1.0,1.0,0.2871428430634988,1,1,4,1.0,1.0,2.1488872321837316
Cambodia,5150025.010519999,30357331.076508004,21432.012779387,35528788.09980739,0.14495357950438842,0.8544431910041024,0.0006032294915092584,0.3812402053157156,1.0,1.0,0.9684853085909462,1,1,9,1.0,1.0,1.0288204067868671
Cameroon,4682607.708209999,1017.9296273150002,240697.639646955,4924323.277484269,0.9509139518968062,0.00020671462248819672,0.04887933348070565,0.1794557840827455,1.0,0.9840981422480138,0.7505001296331623,1,3,51,1.0,1.0107148289586152,1.3238154813622491
Canada (Arctic),101643.7432457659,0.0,0.0,101643.7432457659,1.0,0.0,0.0,-0.0,1.0,,,1,0,0,1.0,,
Canada (East Coast),78344830.51310003,1055488.2276985536,77066757.45540407,156467076.19620264,0.5007112832789127,0.006745752866085509,0.49254296385500196,0.6634567114454224,1.0,0.7976184958690351,0.15605596708705202,1,2,30,1.0,1.1125831229462992,5.429252005219316
Canada (Pacific),25105758.3089,2472289.719043597,1133373.2967119878,28711421.324655585,0.8744171187143819,0.08610823167157344,0.039474649614044614,0.41514284085591413,1.0,1.0,0.9784560330753549,1,1,7,1.0,1.0,1.0188136755384367
Canary Isl. (Spain),3896281.120360001,0.0,17019.877741614,3913300.998101615,0.9956507619143351,0.0,0.004349238085664897,0.025477464718154423,1.0,,0.6246156927778668,1,0,27,1.0,,1.5661245621727586
Cape Verde,883603.550866,45340.044683985005,127709.53292460901,1056653.128474594,0.8362285853841062,0.04290910939660853,0.12086230521928525,0.4915869266985009,1.0,0.903123020617835,0.20120206263957707,1,3,39,1.0,1.0690438243536957,4.510924219532326
Cayman Isl. (UK),1506.4159629299995,13352.951503610002,7326.697105110999,22186.064571651,0.06789919672616809,0.6018621040467083,0.3302386992271236,0.7774323114662898,1.0,1.0,0.45297957213766676,1,1,15,1.0,1.0,2.0431196284297193
Chagos Archipelago (UK),3767.738301810001,0.0,1626627.3451130039,1630395.083414814,0.0023109357603793707,0.0,0.9976890642396206,0.014869559680959791,1.0,,0.6487599279487278,1,0,25,1.0,,1.5087290593823839
Channel Isl. (UK),268557.81671940006,452750.6064129999,154415.02460693303,875723.447739333,0.3066696654208335,0.5170018087122925,0.17632852586687395,0.9189329435103797,1.0,1.0,0.18334312516875462,1,1,15,1.0,1.0,4.205445839307632
Chile (mainland),168828888.37780002,23347.919644128,1774001.495666109,170626237.79311025,0.9894661604302055,0.00013683663161135918,0.01039700293818318,0.05385953511295976,1.0,1.0,0.2654419117861901,1,1,7,1.0,1.0,2.6999386840313573
China,315349173.8647,39615171.081265934,54685.632526334,355019030.5784923,0.8882599148300544,0.11158604939209671,0.0001540357778489381,0.3197729889494025,1.0,0.5925648599694515,0.20150824837295334,1,8,24,1.0,1.5540154339475452,4.259329479390225
Christmas Isl. (Australia),3464.197476921001,216.314675868,29393.693422144002,33074.205574933,0.10474015676876974,0.006540283344914118,0.8887195598863161,0.340487642679591,1.0,1.0,0.29959941167383003,1,1,12,1.0,1.0,2.793560405710875
Clipperton Isl. (France),0.0,0.0,271713.278850584,271713.278850584,0.0,0.0,1.0,-0.0,,,0.1752171630049362,0,0,26,,,4.832328358385371
Cocos (Keeling) Isl. (Australia),641.4252984889999,0.0,5524.006024317,6165.431322806,0.10403575433828295,0.0,0.8959642456617171,0.303893385108381,1.0,,0.23400770640259672,1,0,5,1.0,,2.5826035070612123
Colombia (Caribbean),2111815.38781,15688.67603703,21561.00929339,2149065.07314042,0.9826670277247646,0.007300233126074774,0.010032739149160795,0.0903572670595429,1.0,0.9675472922779558,0.16373507778726873,1,2,19,1.0,1.0164939911987942,4.813500419351567
Colombia (Pacific),2130578.1946507,83431.087049664,355744.51978181204,2569753.801482176,0.8290981779740263,0.03246656819869002,0.1384352538272836,0.49189578189192146,1.0,0.4369638547878781,0.18673921175255376,1,5,17,1.0,1.8196008294875676,4.26297287866107
Comoros Isl.,591284.979256,670.564407752,50845.237534692016,642800.7811984441,0.919857281681585,0.001043191650299169,0.07909952666811583,0.25912982981511123,1.0,0.969638767736341,0.5190902093672455,1,2,10,1.0,1.0154146195540985,1.7631050189925312
Congo (Republic of),3010231.534352001,3395.349887684,512147.325360929,3525774.209600614,0.8537788739151814,0.0009630083169927696,0.14525811776782582,0.3840251038670558,1.0,0.8688673696232965,0.7958423116923447,1,3,21,1.0,1.0957964469653407,1.2413661334808148
Congo (ex-Zaire),588968.1729519999,1.274933499,525647.4343262541,1114616.8822117532,0.528404138095684,1.1438311399609595e-06,0.47159471807317593,0.6294747123675284,1.0,1.0,0.3360737547214306,1,1,47,1.0,1.0,2.855512399976077
Cook Islands,126935.7801007,2257.3848759330003,469902.051576494,599095.216553127,0.21187914140096206,0.0037679901517504743,0.7843528684472874,0.4918273100460931,1.0,0.894625046685009,0.410952488878979,1,3,23,1.0,1.0755579096800711,2.290618826638347
Corsica (France),132872.418077,0.0,0.0749327879999999,132872.493009788,0.9999994360549253,0.0,5.639450747302529e-07,7.899202462625866e-06,1.0,,0.5037471579932153,1,0,7,1.0,,1.740218688447462
Costa Rica (Caribbean),24743.96608429001,0.0012826849999999,4459.910562251001,29203.877929226008,0.8472835746079904,4.3921735432137356e-08,0.1527163814702742,0.38902979460003706,1.0,0.157222668268394,0.48488251054708476,1,3,15,1.0,2.2823315025820685,1.9259522345367488
Costa Rica (Pacific),2210754.343808,72605.04950601599,596870.695719864,2880230.0890338803,0.7675617139843006,0.025208072710041718,0.20723021330565752,0.5661628083544283,1.0,0.8017383221284667,0.39400181233938136,1,3,21,1.0,1.1523053247348178,2.36485521189137
Cote dIvoire (Ivory Coast),5928264.9330699975,28664.188097912003,2422381.3447220363,8379310.465889946,0.7074883974286984,0.0034208289828377486,0.2890907735884639,0.5670826426385241,1.0,0.752754650265993,0.3820121209066805,1,2,49,1.0,1.1410610148411164,2.5340569754204663
Crete (Greece),444158.993595,152.3783921,14.183607795,444325.555594895,0.9996251352239419,0.00034294311947910555,3.192165657905939e-05,0.003132348339943006,1.0,1.0,0.5096375263081422,1,1,4,1.0,1.0,1.5817075027960208
Croatia,3248204.4597000005,187318.654544735,45383.853802339996,3480906.9680470754,0.9331488860566618,0.05381317463069921,0.013037939312639002,0.25341346203516035,1.0,0.49513274945096725,0.30291758953703346,1,3,17,1.0,1.5073365848200424,2.907632337420146
Crozet Isl. (France),53278.5679883,0.0,5187.094452972,58465.662441272,0.9112796428470751,0.0,0.08872035715292492,0.2726777771701586,1.0,,0.4173609615395927,1,0,10,1.0,,2.1024973099108406
Cuba,2865368.3233590005,34.591769538,50932.092691268,2916335.007819806,0.9825237209291303,1.186138404718466e-05,0.01746441768682255,0.08023395033043161,1.0,0.6759389123209416,0.4805187032098111,1,3,12,1.0,1.2755764642905314,1.9090935060153829
Curacao (Netherlands),97480.90332769995,57512.42600773998,5602.745475921,160596.07481136094,0.6069943081871881,0.35811850367635145,0.03488718813646029,0.7171327089819528,1.0,1.0,0.3612392735754011,1,1,27,1.0,1.0,2.5980971446351875
Cyprus (North),87730.41114900002,2862.761279116,5132.548716437999,95725.72114455403,0.9164768893881676,0.029905873206146814,0.053617237405685476,0.31109444619882076,1.0,0.9999533747333085,0.5206514000215483,1,2,17,1.0,1.0000233131768372,1.8219968261428146
Cyprus (South),169970.43513909995,19345.555281610003,6430.275021323,195746.26544203295,0.8683201937736784,0.09882975411011799,0.03285005211620357,0.4219312088164198,1.0,0.9636238266771852,0.34334811119179415,1,4,14,1.0,1.0280473206397347,2.56244802731689
Denmark (Baltic Sea),4319294.92802,3705416.1495922264,116209.28771025401,8140920.365322481,0.5305659230396984,0.4551593656874503,0.014274711272851357,0.6874081307232163,1.0,0.2696297419646671,0.1415810060605577,1,5,7,1.0,2.4055589952835983,3.784835279840304
Denmark (North Sea),21564698.882959988,4757797.75531374,1801148.487788966,28123645.12606269,0.7667817875775851,0.16917429209432752,0.06404392032808752,0.6191620884579494,1.0,0.300430389551312,0.27370445351661504,1,5,13,1.0,2.2709501941180026,3.034225992972065
Desventuradas Isl. (Chile),1728.1510241250987,0.0,0.0,1728.1510241250987,1.0,0.0,0.0,-0.0,1.0,,,1,0,0,1.0,,
Djibouti,45820.3724639,59607.537710730016,812.242551097,106240.15272572702,0.43129053647156684,0.5610641191811419,0.007645344347291286,0.6592087683253163,1.0,0.5791153622633405,0.08452441134663889,1,2,7,1.0,1.2665319126104928,4.644538635265017
Dominica,92624.19804500004,1214.8084706379998,3909.099877452,97748.10639309004,0.9475804848077116,0.012427948892970846,0.03999156629931749,0.21325878433992626,1.0,1.0,0.2558536137943467,1,1,20,1.0,1.0,3.412259660153943
Dominican Republic,2761906.7541999994,10368.545644754997,27597.768230084,2799873.0680748383,0.9864399874738092,0.003703219893423345,0.009856792632767427,0.07257766357891954,1.0,0.9359732949945117,0.373732268974168,1,2,12,1.0,1.0330721013409794,2.3478518812513416
Easter Isl. (Chile),4498.18818109,0.0,156961.75288073,161459.94106182,0.027859468741957043,0.0,0.972140531258043,0.11580141877966012,1.0,,0.2475619773782205,1,0,4,1.0,,2.2953074482562075
Ecuador (mainland),31272576.51976001,18082.964660062,188174.950636494,31478834.435056567,0.9934477270522171,0.0005744483550484897,0.005977824592734348,0.03770393925051063,1.0,0.9972501628202708,0.1517344774806224,1,2,7,1.0,1.0013768115937196,3.6641409370280993
Egypt (Mediterranean),4156708.348299999,318.2516696,178.97353614899998,4157205.573505748,0.9998803943666106,7.655422951134461e-05,4.305140387803161e-05,0.001163233658514665,1.0,1.0,0.5885231373521503,1,1,3,1.0,1.0,1.378013887374754
Egypt (Red Sea),2120234.599811999,0.0,3889.831805849,2124124.431617848,0.9981687363753515,0.0,0.0018312636246485305,0.012171337455929042,1.0,,0.11735734317454875,1,0,7,1.0,,4.107633954322719
El Salvador,3996545.477859,746.451801186,195243.10629055,4192535.035950736,0.9532527321987444,0.0001780430681640632,0.04656922473309157,0.1729395591976958,1.0,1.0,0.7584488930615535,1,1,21,1.0,1.0,1.2987833974559668
Equatorial Guinea,706771.324625,426937.06123785,2458423.780180809,3592132.166043659,0.19675537868736923,0.11885338331191596,0.6843912380007148,0.757832390727063,1.0,0.5272451964249406,0.243797917029098,1,4,56,1.0,1.5493453383131117,3.886490752279349
Eritrea,573087.7556533,209443.5711097099,298024.602411073,1080555.9291740828,0.5303638064263241,0.19382945894322842,0.2758067346304476,0.9190117283540997,1.0,0.887572239256035,0.3505703069433641,1,2,13,1.0,1.059562096965506,2.4967140921945226
Estonia,1537640.821901,2039148.6640494,397691.11270682304,3974480.5986572234,0.3868784319693223,0.513060414671121,0.10006115335955668,0.8557450995878999,1.0,0.08406133114928349,0.32568968738383497,1,4,8,1.0,3.194418728342088,2.4391524370559954
Faeroe Isl.,10104110.43649,11318904.694129162,4528495.037337096,25951510.167956255,0.38934575949904043,0.4361559162019492,0.1744983242990104,0.9410179921540022,1.0,0.24549220074161104,0.5423409430671308,1,3,12,1.0,2.012093484690798,1.7227146188357794
Falkland Isl. (UK),1353360.4925252632,524627.0798279999,16240262.70990417,18118250.282257434,0.07469598175550989,0.028955725395942277,0.8963482928485478,0.359026358744841,1.0,1.0,0.15145499118650238,1,1,36,1.0,1.0,5.713447114898343
Fernando de Noronha (Brazil),63379.609311600005,0.0,38648.801176219,102028.410487819,0.6211956944989042,0.0,0.37880430550109584,0.6039216454385709,1.0,,0.18526247266660156,1,0,10,1.0,,3.7490220853977028
Fiji,2658120.6670900006,1936.5564935510001,369558.5388530659,3029615.7624366176,0.8773788082460212,0.0006392086143602228,0.1219819831396185,0.34235264495407397,1.0,0.2796279333880079,0.2879222584894724,1,4,25,1.0,2.175232605585633,3.160502635739926
Finland,3417303.7068100004,1559699.9965349,165378.370438173,5142382.073783074,0.6645371070796394,0.30330301680354965,0.03215987611681095,0.6771768933320744,1.0,0.25787982538422516,0.20676898991374823,1,3,9,1.0,1.9792056072208275,3.390913660413146
France  (Atlantic Coast),12651221.2584,1870399.299079952,1812995.502045216,16334616.05952517,0.7745037417651895,0.11450525021610594,0.11099100801870442,0.6281120340608052,1.0,0.16875381158796948,0.2959219209327269,1,5,21,1.0,2.9850474560693208,3.0353670480576413
France (Mediterranean),4051944.21506,3739.598599923,15.879070392,4055699.6927303146,0.9990740247171046,0.0009220600348260712,3.915248069392963e-06,0.006752590888665011,1.0,0.9988107558362878,0.42695513294050236,1,3,7,1.0,1.0007934585197507,1.9653366292119188
French Guiana,143481.30811520002,42468.97149899,1362046.1106263471,1547996.3902405372,0.09268839967572857,0.027434800085283734,0.8798768002389876,0.3929641577537738,1.0,0.9779990954296043,0.33386723465778784,1,2,19,1.0,1.011122808206147,2.7105644098982355
French Polynesia,762520.3973969999,0.0,934436.919343109,1696957.316740109,0.44934565523534664,0.0,0.5506543447646534,0.6262506326669807,1.0,,0.18626498369055364,1,0,21,1.0,,4.444162582193009
Gabon,3513607.988127,840698.7751348921,3488302.7106431155,7842609.473905007,0.4480151663573142,0.1071963072918751,0.44478852635081073,0.8733305039429945,1.0,0.19178743199745366,0.10854671954785738,1,4,60,1.0,2.539098472888294,8.1034470345861
Galapagos Isl. (Ecuador),1242479.0005267,0.0,600107.7422014772,1842586.742728177,0.6743123521485108,0.0,0.3256876478514893,0.5744360870266201,1.0,,0.1347123658322709,1,0,5,1.0,,3.249180715300901
Gambia,2676550.465042,1795706.5212958767,5728878.19443606,10201135.180773936,0.2623777077365361,0.17603006817126018,0.5615922240922038,0.8928195540832423,1.0,0.9995132016935324,0.08228344047128744,1,2,53,1.0,1.0002434584108049,10.040276846189345
Gaza Strip,246452.27102610003,0.0,5649.498101526,252101.76912762603,0.9775904067588437,0.0,0.022409593241156323,0.09764518541357231,1.0,,0.4440503641159822,1,0,18,1.0,,2.105544835473433
Georgia,3445036.2562909992,834609.5949029999,307784.54173758,4587430.392931579,0.7509729764181692,0.18193400736695345,0.06709301621487744,0.6429631252677636,1.0,0.40922626649185645,1.0,1,2,1,1.0,1.419218508450614,1.0
Germany (Baltic Sea),2336492.5200699987,2194668.2923679524,19393.326453269998,4550554.138891222,0.5134523068523043,0.4822859426308683,0.004261750516827239,0.6528408152956486,1.0,0.4510017138470688,0.14027798576306366,1,5,7,1.0,1.7831625448389434,3.8009024018874378
Germany (North Sea),4892255.5659,8296181.955715338,481040.71504890296,13669478.236664241,0.35789629137255613,0.6069128471534004,0.03519086147404345,0.7178142675819799,1.0,0.35773401764132157,0.3245846358053749,1,7,11,1.0,2.224761907407173,2.5907673223112773
Ghana,20468439.57434,379655.41204039,1520539.7415348238,22368634.727915216,0.9150509104963905,0.01697266805320909,0.06797642145040024,0.3032720066048579,1.0,0.14313332104879328,0.6386488041387601,1,2,46,1.0,1.7495772043151145,1.5467802058912805
Glorieuse Islands (France),3165.524800118,41.559375004,2755.733431694,5962.817606815999,0.5308773484031342,0.006969754526198179,0.46215289707066776,0.6621940717765549,1.0,1.0,0.12985460805921975,1,1,8,1.0,1.0,4.1907146979069605
Greece (without Crete),10003613.883820005,59671.42254375002,4378.153813696,10067663.46017745,0.993638089253699,0.005927037865317984,0.00043487288098313447,0.03650329009330016,1.0,0.9399078894454066,0.26687463938635175,1,5,29,1.0,1.0505014809025268,3.422842674661075
Greenland (Denmark),7950141.439569997,1982454.7008233212,26034831.75486289,35967427.89525621,0.2210372524474721,0.055118055886470264,0.7238446916660577,0.6620328014718068,1.0,0.995484381926194,0.1591936053288046,1,2,20,1.0,1.0022629182742324,4.969341027811738
Grenada,122575.62891440002,1304.1396516149998,3617.088686044,127496.85725205901,0.9614011792625616,0.010228798416864025,0.028370022320574385,0.16910795029437545,1.0,1.0,0.40915852120147184,1,1,19,1.0,1.0,2.2714086109068856
Guadeloupe (France),564653.865858,2888.6068487,12149.704196426,579692.176903126,0.974058109382354,0.004983001261344818,0.0209588893563012,0.12109011072866224,1.0,1.0,0.17046914417782635,1,1,18,1.0,1.0,4.61778177573586
Guam (USA),34352.512132287986,0.0,53069.878764354,87422.39089664198,0.3929486688702255,0.0,0.6070513311297745,0.6099047062429587,1.0,,0.2612461967714655,1,0,22,1.0,,3.3918320906786543
Guatemala (Caribbean),214462.89450560004,0.0,233.3627655161,214696.25727111613,0.9989130562009686,0.0,0.0010869437990314475,0.007740743768073108,1.0,,0.24138131250335085,1,0,9,1.0,,3.0705714554961396
Guatemala (Pacific),1975478.367622,1361.5773644990002,119497.82393276202,2096337.768919261,0.9423473625819524,0.0006495028543043153,0.05700313456374329,0.203910612324405,1.0,1.0,0.8084559943440691,1,1,17,1.0,1.0,1.2199238617103563
Guinea,9344918.40232,2912756.468912587,22673320.249203794,34930995.12043638,0.26752511258554884,0.08338601459448486,0.6490888728199664,0.764986622108655,1.0,0.22916516800861583,0.08362743220093322,1,4,40,1.0,2.370376685719888,9.386432698853206
Guinea-Bissau,1732063.4016399998,2560639.227188739,16840705.557600036,21133408.186428774,0.08195854574712079,0.12116546486965141,0.7968759893832279,0.5840913836540844,1.0,0.8012666278838205,0.10628821926907202,1,2,46,1.0,1.1103297918474497,7.954390400965755
Guyana,3007911.160420001,43351.209150119,50453.781576471,3101716.151146591,0.969757067972866,0.013976523652589435,0.01626640837454455,0.14241752371793928,1.0,0.8849796542941267,0.19007250543330662,1,4,18,1.0,1.09440952109512,4.254079539960705
Haiti,945716.5757720002,24447.801309825005,97209.63807169399,1067374.0151535193,0.8860217340366664,0.02290462477326535,0.09107364119006815,0.37496268293396295,1.0,0.9997489648059599,0.5576517641056391,1,5,25,1.0,1.0002008684952814,1.7380854870829405
Hawaii Main Islands (USA),1588225.664186,0.0,97176.08846657102,1685401.7526525708,0.9423424780983939,0.0,0.05765752190160616,0.2006830467798453,1.0,,0.41856133309555793,1,0,21,1.0,,2.240901939268352
Hawaii Northwest Islands (USA),24080.75220443,0.0,506005.21477419406,530085.966978624,0.04542801301020117,0.0,0.954571986989799,0.16823643275990238,1.0,,0.28928338584958047,1,0,24,1.0,,3.1358128893690433
Heard & McDonald Isl. (Australia),63698.47660085499,0.0,43845.758250289,107544.23485114399,0.592300244536794,0.0,0.40769975546320597,0.6153311786666343,1.0,,0.9783099859520972,1,0,5,1.0,,1.0176584203466281
Honduras (Caribbean),801147.6077640001,22287.623353505,26084.141279319,849519.3723968241,0.9430598451258992,0.026235568107909016,0.030704586766191696,0.2346198420284497,1.0,0.34203367419924274,0.4307083646177659,1,3,15,1.0,1.781401440300437,2.133737820333734
Honduras (Pacific),193107.2377771,0.862785213,198.067802263,193306.16836457598,0.9989709040887884,4.463309268914713e-06,0.0010246326019428599,0.007406188980495113,1.0,1.0,0.493564285813582,1,1,16,1.0,1.0,1.9039766759482513
Hong Kong (China),1106248.6635909998,252076.91779449,10782.545212678999,1369108.1265981689,0.8080067907709396,0.18411761123705184,0.007875597992008456,0.4751123848376338,1.0,1.0,0.3241429725147659,1,1,3,1.0,1.0,1.8200725481198288
Howland & Baker Isl. (USA),104137.726327472,0.0,205226.01139501596,309363.73772248795,0.3366190462208853,0.0,0.6633809537791148,0.5814311439301393,1.0,,0.3913168204528407,1,0,27,1.0,,2.4162722876151648
Iceland,73662859.7678,257399.169703736,14441169.177372474,88361428.11487621,0.8336540200780027,0.002913026364502604,0.16343295355749474,0.4230017468334552,1.0,1.0,0.1870362653627393,1,1,13,1.0,1.0,4.006860751201277
India (mainland),140280795.22749993,4003211.8370859656,1376761.702302691,145660768.7668886,0.9630650477480411,0.027483116222547153,0.009451836029411749,0.16300912887948077,1.0,0.30150940873271453,0.7088583341096462,1,4,13,1.0,2.10025766222687,1.3675141734702854
Indonesia (Central),43741752.6965,22160256.61453541,14148.529893935,65916157.840929344,0.6635968194939211,0.33618853617064787,0.00021464433543105796,0.5829304763032115,1.0,0.6725978165218099,0.6304876966713944,1,8,12,1.0,1.4014963422719733,1.5122178386293128
Indonesia (Eastern),80878842.13849998,67158339.71631473,2640871.9812263,150678053.836041,0.5367659063774979,0.44570750687683086,0.017526586745671282,0.6963540202096195,1.0,0.7342448987646087,0.5165178743651947,1,8,16,1.0,1.3029922273855539,1.829037965888727
Indonesia (Indian Ocean),45867210.560920015,14970407.265144711,312459.889352614,61150077.71541734,0.7500760796147907,0.24481419851687822,0.005109721868331096,0.5344793229312237,1.0,0.746196153976635,0.6556272562629611,1,6,13,1.0,1.2682359730133002,1.4660231527708059
Iran (Persian Gulf),12746572.979100002,1933998.9449840002,1798022.330418515,16478594.254502516,0.7735230798353568,0.1173643161009056,0.10911260406373764,0.629717764835881,1.0,0.05829191011462835,0.5007869813654771,1,5,7,1.0,4.054598771454067,1.7479366096902078
Iran (Sea of Oman),3479646.2864800007,0.0,26021.409394103,3505667.695874104,0.9925773314382512,0.0,0.007422668561748782,0.0398593795238783,1.0,,0.7950793973116012,1,0,8,1.0,,1.2184802424389305
Iraq,492674.7555144001,0.0,260.307486701,492935.0630011011,0.9994719233703601,0.0,0.0005280766296399949,0.004107860070193194,1.0,,0.07235134495639331,1,0,8,1.0,,5.310465002882937
Ireland,9222571.633049998,4010938.366873999,13809551.152471686,27043061.15239568,0.341032828387218,0.14831672880045532,0.5106504428123267,0.903973479084399,1.0,1.0,0.16002900155693975,1,1,22,1.0,1.0,5.045166818452322
Israel (Mediterranean),270640.012929,0.0,20002.02474213,290642.03767113003,0.9311798633728171,0.0,0.06882013662718288,0.2280843402417015,1.0,,0.4679142402883757,1,0,18,1.0,,2.0101530406952373
Israel (Red Sea),11049.078833414,0.0,0.0,11049.078833414,1.0,0.0,0.0,-0.0,1.0,,,1,0,0,1.0,,
Italy (mainland),32073555.577400003,86675.360219738,35702.176714095,32195933.11433384,0.9961989753022765,0.002692121390361243,0.0011089033073621388,0.024821881276621702,1.0,0.1782164273617097,0.32890484438581546,1,8,31,1.0,3.559486824400215,2.852635080707863
Jamaica,3088418.0655599986,13041.860708040002,82114.458832574,3183574.385100613,0.970110225793387,0.004096609386316516,0.025793164820296442,0.13317010894019424,1.0,0.9998964667849872,0.260889067569164,1,2,18,1.0,1.0000517692874267,3.311797969208342
Jan Mayen Isl. (Norway),819620.3051942004,551156.287206586,223980.393498187,1594756.9858989734,0.5139468348101801,0.3456051875489331,0.1404479776408868,0.8965676078809219,1.0,0.9999736303193361,0.18016186223821135,1,2,11,1.0,1.0000131850141742,3.9263017143450822
Japan (Daito Islands),229717.1304130001,262487.27739296295,11358.54613584,503562.9539418031,0.4561835389494291,0.5212601033063657,0.02255635774420513,0.7128740498104387,1.0,0.2769655446580335,0.6005740401267788,1,5,12,1.0,2.3720715949487152,1.5776365929200107
Japan (Ogasawara Islands),473831.047161,400116.59971404204,10522.788343175,884470.435218217,0.5357228781130442,0.4523798464957453,0.011897275391210575,0.6789746942900827,1.0,0.2888451613790754,0.2774310168536503,1,4,8,1.0,2.143007745630366,2.719222791438048
Japan (main islands),360792812.5199999,43808012.50249742,84775.867128435,404685600.8896258,0.8915385467801776,0.10825196746855752,0.0002094857512648611,0.31385499832361746,1.0,0.2238295721375117,0.2296434994633796,1,5,8,1.0,2.638079329580622,3.068067576307045
Jarvis Isl. (USA),17720.730613056996,22.953694498,45509.64748624,63253.33179379499,0.2801548963590778,0.000362885145288927,0.7194822184956333,0.5427006699857532,1.0,1.0,0.42855295450423364,1,1,22,1.0,1.0,2.200085353501776
Johnston Atoll (USA),77184.21248914201,0.0,123069.485970416,200253.698459558,0.3854321447387882,0.0,0.6145678552612118,0.6068209145701117,1.0,,0.48752016187255204,1,0,27,1.0,,1.974330167384024
Jordan,11782.801011137,0.0,0.0,11782.801011137,1.0,0.0,0.0,-0.0,1.0,,,1,0,0,1.0,,
Juan Fernandez Islands (Chile),4819450.428839277,0.0,0.0,4819450.428839277,1.0,0.0,0.0,-0.0,1.0,,,1,0,0,1.0,,
Kenya,1037991.5715989998,0.0,119300.761043509,1157292.3326425087,0.896913893163793,0.0,0.10308610683620713,0.3020277595424292,1.0,,0.6975096492130602,1,0,13,1.0,,1.3873894720811777
Kerguelen Isl. (France),135903.3260221,0.0,740756.454609021,876659.780631121,0.15502402303007567,0.0,0.8449759769699242,0.3926095483566397,1.0,,0.9909578259779745,1,0,7,1.0,,1.007810973316026
Kermadec Isl. (New Zealand),1185.364648672,0.0,130870.54423615303,132055.90888482504,0.008976233314223276,0.0,0.9910237666857766,0.04664282774337358,1.0,,0.341570962218244,1,0,14,1.0,,2.5733295488096823
Kiribati (Gilbert Islands),1182938.401063,102718.27421931199,3719389.683407676,5005046.358689988,0.23634913970559512,0.020522941618905863,0.743127918675499,0.5837384677902471,1.0,0.8362619058534205,0.1394170698913456,1,4,23,1.0,1.1399955203822738,5.655030078568422
Kiribati (Line Islands),59366.4316655,5496.199790178999,1209596.3370405051,1274458.968496184,0.04658167358306581,0.004312574924765384,0.9491057514921688,0.19652862500988222,1.0,0.6412710552736481,0.20066210169954332,1,4,29,1.0,1.3680764717662406,4.3816317570715695
Kiribati (Phoenix Islands),30003.070110500004,29925.067755435,1209740.4455672072,1269668.5834331422,0.02363063125447484,0.02356919604525348,0.9528001727002717,0.20289473968989055,1.0,0.7839774858054538,0.16327615836611695,1,4,27,1.0,1.193341468187925,5.14758299906981
Korea (North),38917486.37153001,432895.4739107291,35642.34681418,39386024.192254916,0.9881039574231247,0.01099109348528395,0.000904949091591451,0.0616630170947508,1.0,0.8730556023838063,1.0,1,2,1,1.0,1.0677739611438302,1.0
Korea (South),100462137.4693,41805967.077062584,1267525.4386768977,143535629.98503947,0.6999107990104689,0.29125846370981173,0.008830737279719399,0.592361072177612,1.0,0.9969979860674485,0.8539906896607492,1,2,26,1.0,1.0015032633750738,1.1633230771057115
Kuwait,2128739.8966300003,56986.55,444.082133945,2186170.528763945,0.9737300309475785,0.02606683662148718,0.000203132430934417,0.11170178034325719,1.0,1.0,0.1579637544394378,1,1,4,1.0,1.0,2.7139044104206267
Latvia,2105214.04946,1952105.7025470003,1142804.378961575,5200124.130968575,0.4048391916113515,0.37539598159234727,0.21976482679630116,0.9711090069494908,1.0,0.048353586714892906,0.33167830728417674,1,4,8,1.0,3.4932644093878467,2.408370423151301
Lebanon,372837.9410650001,241.742786084,7856.03731135,380935.7211624341,0.9787423976078603,0.0006346025658772991,0.020622999826262346,0.09625539156736858,1.0,1.0,0.9260674019379539,1,1,6,1.0,1.0,1.065655570825342
Liberia,947258.8212890002,1722.1246251699995,3967265.9673702554,4916246.913284426,0.19267926082584805,0.00035029254135234017,0.8069704466327996,0.44888184486042754,1.0,1.0,0.07162369886804125,1,1,33,1.0,1.0,10.024428122515658
Libya,2551499.328346,61795.551627134,67469.285495979,2680764.165469113,0.9517806009241053,0.02305146883978892,0.025167930236105793,0.20627412967522926,1.0,0.3096325441154954,0.705498840378913,1,6,28,1.0,2.354637697014989,1.3966153940547101
Lithuania,165056.64793299997,1373437.0425135996,187753.75084971098,1726247.4412963106,0.0956158682610716,0.795620030858513,0.10876410088041545,0.5895227186952143,1.0,0.13885334600712182,0.6405447847189374,1,4,8,1.0,2.8237419471377674,1.4588388190379504
Lord Howe Isl. (Australia),63528.31564424001,0.0,885917.973312037,949446.288956277,0.06691091047822881,0.0,0.9330890895217712,0.22353119833132384,1.0,,0.3095551246796504,1,0,16,1.0,,2.83520702734836
Macquarie Isl. (Australia),6304.53443992,0.0,11478.570102840999,17783.104542761,0.354523836080489,0.0,0.6454761639195109,0.5918395305834283,1.0,,0.352973153251881,1,0,5,1.0,,2.073060787629852
Madagascar,5481553.406969999,65958.565130495,304087.354630824,5851599.326731319,0.9367615759214967,0.011271886786435053,0.05196653729206816,0.24160286095191008,1.0,0.9263247557510237,0.08580475937834589,1,2,16,1.0,1.0382465334721052,6.995846332228609
Madeira Isl. (Portugal),465212.8728211199,0.0,21217.598054492006,486430.47087561194,0.9563810260152932,0.0,0.04361897398470682,0.16318734732105505,1.0,,0.5637526135124494,1,0,27,1.0,,1.7244057368256498
Malaysia (Peninsula East),21466293.3584,12839913.44801667,1026.79120715,34307233.59762382,0.625707499770159,0.37426257093798393,2.9929291857012846e-05,0.6021351185871332,1.0,0.9052279326486645,0.22727072935269646,1,5,9,1.0,1.0820375483252431,3.193566499456844
Malaysia (Peninsula West),42136312.0881,4479295.656666969,6977.910749494999,46622585.65551647,0.9037746726326055,0.09607565933308486,0.00014966803430966212,0.2892980748945538,1.0,0.9638858919580412,0.5798614666459802,1,4,12,1.0,1.0278396336855453,1.6263520791452237
Malaysia (Sabah),17507156.5544,8307871.787518618,1752.2853626369995,25816780.627281256,0.6781308950620953,0.3218012310465804,6.787389132420772e-05,0.5724609961752777,1.0,0.9902911626536373,0.4544395881511773,1,5,12,1.0,1.0078278694863796,2.000388252134248
Malaysia (Sarawak),7326732.570749998,15240343.991685512,2418.385294415,22569494.947729923,0.3246298859464258,0.675262961221842,0.00010715283173220697,0.5746839077086969,1.0,0.9887935444499448,0.3132075892176662,1,5,12,1.0,1.0090462656996093,2.69949038126046
Maldives,2215537.127084,191181.03879614998,139589.288928764,2546307.454808914,0.8700980405566395,0.07508167893672409,0.05482028050663638,0.43204948034666024,1.0,0.9994995905147674,0.15480292499658102,1,2,11,1.0,1.0002502673606968,4.317061901917962
Malta,104283.07754670002,14461.366816734999,8729.77889264,127474.22325607501,0.8180718805966933,0.11344542015905805,0.06848269924424871,0.5414043124805307,1.0,0.5327231642300914,0.8534028709856418,1,3,16,1.0,1.4524705670936213,1.1593326623859563
Marshall Isl.,185277.70289290004,14711.907006005,1819134.322072866,2019123.931971771,0.09176143175717179,0.0072862823193017776,0.9009522859235264,0.3176838062439706,1.0,0.9994638923804402,0.25690382752375,1,2,28,1.0,1.0002681256818904,3.5280464952928567
Martinique (France),373383.488472,282.33448301,8792.994154881999,382458.81710989197,0.9762710957836688,0.0007382088485853283,0.022990695367745975,0.105136964650623,1.0,1.0,0.23894181404169382,1,1,19,1.0,1.0,3.5842614044367154
Mauritania,14107609.29339,4008241.581771984,79171103.25442144,97286954.12958342,0.14501028857989604,0.04120019603484679,0.8137895153852572,0.5271124287562006,1.0,0.9845976052882984,0.05927967893000144,1,3,58,1.0,1.010374794258617,13.245209456228128
Mauritius,595160.4944450001,1007.0539708550001,335549.431713813,931716.980129668,0.638778198892727,0.0010808582352066262,0.3601409428720664,0.6021039881747959,1.0,0.3704439725783243,0.12247681194751198,1,3,17,1.0,1.7232585292731486,5.7439631963247875
Mayotte (France),92691.423416995,0.0,9727.726873255,102419.15029025,0.9050204298152525,0.0,0.09497957018474747,0.2857330115933536,1.0,,0.28944363438037657,1,0,9,1.0,,2.7144825174645453
Mexico (Atlantic),23430345.861320008,23073.224973779,49911.01799245599,23503330.104286242,0.9968947275708422,0.0009817002472160825,0.0021235721819417345,0.020907992849919014,1.0,0.9268570416200714,0.39859424500897594,1,2,14,1.0,1.0379597223873085,2.2647399521587976
Mexico (Pacific),75103841.03509998,2289114.113665,145205.83438706602,77538160.98315205,0.9686048789759019,0.029522419472424583,0.0018727015516735973,0.1334903608565034,1.0,1.0,0.5017688647792872,1,1,15,1.0,1.0,1.8692138236292446
Micronesia (Federal States of),698147.2127369997,472947.042791263,8856102.032100046,10027196.287628308,0.06962536612536281,0.047166429101900754,0.8832082047727365,0.3998359903120593,1.0,0.5474136374556896,0.1766908598101484,1,4,29,1.0,1.5138664991817774,4.876126155781579
Montenegro,64024.1466337,6743.553446989,11649.792413897,82417.492494586,0.7768271600583547,0.08182187109650277,0.1413509688451426,0.6167323914706363,1.0,0.6586650481225886,0.3030355121406976,1,2,13,1.0,1.205788957971811,2.8038837655355096
Montserrat (UK),13654.0997165,837.0155517200001,1454.260863163,15945.376131383,0.8563046493225451,0.05249268156632707,0.09120266911112787,0.4605249330984423,1.0,1.0,0.2949041178423008,1,1,20,1.0,1.0,3.028844486108797
Morocco (Central),22219187.2852,7766270.841756889,25875152.213828303,55860610.34078519,0.39776126951798146,0.1390294662800443,0.4632092642019743,0.9079518842354121,1.0,0.8468587818235139,0.12330301992513681,1,3,37,1.0,1.1137025055953884,6.802835260367111
Morocco (Mediterranean),3948814.9297000007,66110.64824868899,12126.08425129,4027051.6621999796,0.9805722054091458,0.016416637727605588,0.0030111568632485626,0.09483092496241603,1.0,0.8541290537028625,0.4303601052675688,1,2,20,1.0,1.0786735669805831,2.179398969691028
Morocco (South),28883069.2909,16882743.615870997,71730706.41844213,117496519.32521313,0.2458206375540019,0.1436871808018588,0.6104921816441392,0.8419399306800446,1.0,0.8032837751928801,0.10112139503263078,1,2,50,1.0,1.1090877805885426,8.396378441232503
Mozambique,8840218.0044,0.926953542,200052.47188834904,9040271.40324189,0.9778708636147639,1.0253603024214401e-07,0.022129033849206028,0.09668093803578957,1.0,0.09648220200961366,0.17671980934319362,1,2,18,1.0,1.8240150148670307,4.495238689442564
Mozambique Channel Isl. (France),990.496801743,41.559375008,18525.457868674002,19557.514045425003,0.05064533250199568,0.002124982495805585,0.9472296850021987,0.19615683130361736,1.0,1.0,0.07340629655955723,1,1,12,1.0,1.0,6.6391170523651635
Myanmar,40883188.55059999,19709552.187136948,33511.158320088,60626251.89605703,0.6743479478278439,0.3250993022119978,0.0005527499601582244,0.5781245469089079,1.0,0.9548424462196894,0.28476806685906153,1,3,10,1.0,1.0310394805277021,2.8066924782662537
Namibia,14240560.65623531,26117645.84517533,37559015.40269804,77917221.90410867,0.18276525148395192,0.33519734414193886,0.4820374043741093,0.936418402291484,1.0,0.9996025800482351,0.2779120501385814,1,2,37,1.0,1.0001987494693847,3.3621589072273337
Nauru,25292.75549370001,65358.45707356,1192894.169492313,1283545.382059573,0.019705384669076002,0.05092025415469613,0.9293743611762278,0.2704010349137916,1.0,0.03464596116141139,0.12408099014540958,1,2,22,1.0,1.933028374029469,6.101449139202869
Netherlands,5367243.654120002,2303166.5661240006,6158757.599719689,13829167.819963692,0.38811038552673327,0.1665441186416991,0.44534549583156763,0.9340007871509258,1.0,0.03560410617880679,0.5978256165139345,1,3,15,1.0,2.800575990168451,1.6009291995952595
New Caledonia (France),437094.883948,69.521761518,246778.916004822,683943.32171434,0.6390805642379819,0.00010164842511180611,0.3608177873369063,0.5960956170356958,1.0,0.3250889531045738,0.27469024165710204,1,3,14,1.0,1.8179857994170554,3.062805132842271
New Zealand,17903336.155629992,142444.471021113,19878340.555679843,37924121.18233095,0.472083085842771,0.0037560388106627667,0.5241608753465662,0.6498253132924205,1.0,1.0,0.28253447710679236,1,1,25,1.0,1.0,3.2130258843088746
Nicaragua (Caribbean),1295296.6937650002,0.0,10886.096866252,1306182.790631252,0.9916657171229527,0.0,0.008334282877047374,0.043872453648168754,1.0,,0.3406016512229994,1,0,9,1.0,,2.4162285443897247
Nicaragua (Pacific),705962.0210830003,678.604392723,42458.304369874,749098.9298455972,0.9424149374082164,0.0009058942226267398,0.05667916836915709,0.20474053111091872,1.0,0.3547425965733639,0.8069273547604074,1,3,10,1.0,1.754914293511816,1.2103099732932252
Nigeria,16495041.75937,2178.050767537,633760.365656237,17130980.175793774,0.9628778733091781,0.00012714104769174882,0.0369949856431301,0.14521625297463392,1.0,0.26410378499699877,0.7324554843020132,1,3,34,1.0,1.9630841116771744,1.3507591335594875
Niue (New Zealand),23287.472857068005,225.71177375599999,47031.889310636005,70545.07394146001,0.33010771065875566,0.0031995398281572576,0.6666927495130871,0.5957929605600725,1.0,0.89635210314701,0.39185198793540027,1,3,19,1.0,1.0742276225454845,2.3592708055824123
Norfolk Isl. (Australia),51938.17989384499,79.954897544,49406.538276031,101424.67306742,0.5120862441362777,0.0007883180209104703,0.48712543784281176,0.6359932323361662,1.0,1.0,0.250900222251062,1,1,13,1.0,1.0,3.2412464734103787
Northern Marianas (USA),31668.937389109,73798.97880311999,278787.134974409,384255.05116663803,0.08241645046163697,0.19205727700666175,0.7255262725317012,0.6875829234574994,1.0,1.0,0.25426748925719334,1,1,22,1.0,1.0,3.470241033135311
Norway,109056210.50169998,58184535.72679,12082805.267687537,179323551.49617752,0.6081533049719051,0.32446678220083247,0.06737991282726237,0.7731697049770554,1.0,0.2387853384262307,0.15771056634271682,1,4,13,1.0,2.3305188226642493,4.494340386914061
Oman,8049357.955479998,121003.355797,76087.93427249801,8246449.245549496,0.9760998601700162,0.014673388775454353,0.009226751054529523,0.11723196147576836,1.0,1.0,0.14583774959970816,1,1,11,1.0,1.0,4.47449588922411
Oman (Musandam),281894.22093310003,0.0,345.106032766,282239.326965866,0.9987772574556637,0.0,0.001222742544336272,0.008576739968109747,1.0,,0.0958432138895907,1,0,8,1.0,,4.787831733614626
Pakistan,38401617.63082,247738.190855892,213005.930746207,38862361.752422094,0.9881442068668568,0.006374759013210301,0.005481034119933059,0.06603698288551044,1.0,0.43038944940833046,0.41611944922405125,1,2,9,1.0,1.3982206040650569,2.079023405300282
Palau,122208.79963789992,131588.386130395,2015636.9300306833,2269434.115798978,0.05384989975568206,0.05798290649388071,0.8881671937504373,0.38937339083867156,1.0,0.09117428161936438,0.21585436542976214,1,3,23,1.0,2.5373228278658364,4.000837713174703
Palmyra Atoll & Kingman Reef (USA),2356.48962465,10.351316182,73665.06633092002,76031.90727175202,0.030993430379530965,0.0001361443708758021,0.9688704252495932,0.12699878808462517,1.0,1.0,0.5903072160605505,1,1,22,1.0,1.0,1.642225923692679
Panama (Caribbean),106340.77578169998,0.001017907,9865.124041395999,116205.90084100298,0.9151065050233481,8.759512147259512e-09,0.08489348621713978,0.26448037872832497,1.0,1.0,0.23469881172136248,1,1,12,1.0,1.0,3.3503765789960305
Panama (Pacific),8800758.83129,217.49025637999998,60642.181483290995,8861618.50302967,0.9931322171317954,2.4542949609672647e-05,0.006843239918594806,0.037515290557409375,1.0,0.9515870497626384,0.9657834890533368,1,2,11,1.0,1.0248069642823516,1.03210456091514
Papua New Guinea,3250187.62964,740211.2551282381,8012140.6150733,12002539.499841537,0.27079166285459094,0.06167122008954944,0.6675371170558597,0.723975067005643,1.0,0.2247789098173961,0.2318577594370712,1,4,22,1.0,2.3890057057451792,3.748500845755999
Peru,454372359.3212999,30982200.692826,6507489.606239385,491862049.62036526,0.923780071408231,0.06298961409350252,0.01323031449826648,0.2772730265811204,1.0,0.9888782860180076,0.2842062526112394,1,2,9,1.0,1.005591953042164,2.7492248537775654
Philippines,73464869.03999998,3170124.731147305,23893.079119891998,76658886.85026717,0.9583346701015126,0.04135364941235455,0.00031168048613281846,0.15932585490514561,1.0,0.4313217241504354,0.7321042943291116,1,6,10,1.0,1.9007741284601452,1.3177073188446153
Pitcairn (UK),190.4,41.92588651,445770.35762127396,446002.683507784,0.00042690326099052944,9.400366423864415e-05,0.9994790930747708,0.004282413608084786,1.0,1.0,0.09700230188289538,1,1,41,1.0,1.0,8.401480826024514
Poland,4111964.66469,3824678.709315,337337.59418754594,8273980.968192546,0.4969753593218937,0.462253747502939,0.04077089317516734,0.7597264320734394,1.0,0.039765011548470036,0.49154322221049157,1,5,6,1.0,4.313840354017027,1.7352494557957574
Portugal (mainland),22466846.2023,1055494.0692272482,84543.081044796,23606883.352572046,0.9517074264634838,0.04471128413960027,0.0035812893969158683,0.18770845526556568,1.0,0.9999967325514416,0.43957520044355525,1,2,26,1.0,1.0000016337269482,2.168585863151623
Prince Edward Isl. (South Africa),10353.2984606,0.0,110664.28776535699,121017.58622595698,0.08555201589683771,0.0,0.9144479841031623,0.26590289465378536,1.0,,0.07823458377163994,1,0,19,1.0,,7.889636417629419
Puerto Rico (USA),285848.2075953959,13185.49157581,26075.906392342,325109.6055635479,0.8792364258198525,0.04055706552549916,0.08020650865464829,0.40552917217267737,1.0,1.0,0.29847666922997396,1,1,22,1.0,1.0,3.026963341693286
Qatar,846645.782315,9654.299953900005,3136.0902723800004,859436.17254128,0.9851176961885838,0.011233294876748155,0.003649008934668001,0.07798822767977988,1.0,1.0,0.16695144893227018,1,1,6,1.0,1.0,3.270187387164369
Reunion (France),96149.626401491,0.0,32254.030237535993,128403.65663902699,0.7488075411418408,0.0,0.2511924588581593,0.5130485181239008,1.0,,0.13497124396908264,1,0,8,1.0,,4.113536258524838
Romania,508972.3509273,0.0,91847.60273893298,600819.953666233,0.8471295732132823,0.0,0.1528704267867177,0.3892692576270582,1.0,,0.9440427684487948,1,0,5,1.0,,1.0468636744259172
Russia (Baltic Sea),1541796.1939299996,2676773.8276663,300672.048697402,4519242.070293701,0.34116255999311845,0.5923059190083038,0.06653152099857788,0.780439299351246,1.0,0.1158149699207203,0.7699684637582174,1,6,6,1.0,3.799693220056157,1.2371536238925829
Russia (Barents Sea),56938762.9036,3695714.373945882,3679751.0271257414,64314228.30467162,0.8853214040580211,0.05746340228850161,0.05721519365347735,0.39656894142676435,1.0,0.9961403965048641,0.31728863759915443,1,2,12,1.0,1.0019335330830907,2.672501620466649
Russia (Black Sea),11357267.649929998,1868810.74,476.53932789,13226554.929257888,0.8586716428181218,0.14129232819848536,3.6028983392785675e-05,0.37110605906514604,1.0,1.0,1.0,1,1,1,1.0,1.0,1.0
Russia (Far East),276640705.6965,57276070.84401114,7026484.467512592,340943261.00802374,0.8113980750890676,0.16799296948902948,0.020608955421902973,0.49995377437483424,1.0,0.3687604502420468,0.8083424497645382,1,5,10,1.0,2.02016790102054,1.2084472325638014
Russia (Kara Sea),408126.70031662,0.0,0.0,408126.70031662,1.0,0.0,0.0,-0.0,1.0,,,1,0,0,1.0,,
Russia (Laptev to Chukchi Sea),413859.1746848,0.0,0.0,413859.1746848,1.0,0.0,0.0,-0.0,1.0,,,1,0,0,1.0,,
Saba and Sint Eustaius (Netherlands),10888.748209769998,0.0,8280.336027267998,19169.084237037998,0.5680369534153878,0.0,0.4319630465846121,0.6224765090492743,1.0,,0.41885416319388585,1,0,24,1.0,,2.2569869785432934
Saint Helena (UK),27651.5390779,0.0,4458.992233027,32110.531310927,0.8611361428482613,0.0,0.1388638571517387,0.3667314554595222,1.0,,0.12908741639190213,1,0,16,1.0,,5.449013629756701
Saint Kitts & Nevis,91741.365532,845.4249033379999,629.3868634730001,93216.177298811,0.9841785856323695,0.009069508403331442,0.006751905964299054,0.08382717858722773,1.0,1.0,0.20941235048449897,1,1,20,1.0,1.0,4.017004252796696
Saint Lucia,83142.82198000001,20951.780476819,11563.015845917002,115657.61830273601,0.7188702586142842,0.18115348374179138,0.0999762576439244,0.707249303159161,1.0,0.9647560077718706,0.20681742839901213,1,2,23,1.0,1.0179381012648474,4.144156520777158
Saint Pierre & Miquelon (France),277556.74405395,29.007093661,0.284755926,277586.035903537,0.9998944765017028,0.00010449766886357409,1.0258294336497337e-06,0.000980806337513247,1.0,1.0,0.7639659862580834,1,1,2,1.0,1.0,1.13380871036103
Saint Vincent & the Grenadines,81782.45203870001,44309.596444873,7149.503362119,133241.551845692,0.6137909001045924,0.33255088845098607,0.05365821144442156,0.7488307791485481,1.0,0.6254740833998791,0.2694419553022039,1,2,22,1.0,1.2304102664108638,3.3041561023486854
Samoa,684274.3733220001,17.067737147,71658.74094693198,755950.1820060791,0.9051844812129398,2.2577859696662848e-05,0.09479294092736355,0.2855882461588326,1.0,1.0,0.3127854899970536,1,1,23,1.0,1.0,2.918307397264074
Sao Tome & Principe,424168.844407,0.0,536571.522071907,960740.366478907,0.4415020532150323,0.0,0.5584979467849677,0.6246857680625032,1.0,,0.2138891073494354,1,0,41,1.0,,4.290693750639202
Sardinia (Italy),1191914.27165,5790.046248755001,3320.124492488,1201024.442391243,0.9924146666631491,0.004820922909134974,0.002764410427715878,0.04511149702681327,1.0,0.11081230576452923,0.3002940535065513,1,3,25,1.0,2.455746201973633,3.0461588282391534
Saudi Arabia (Persian Gulf),2169866.4299289994,22431.252208727,49652.772351442,2241950.4544891682,0.967847628204347,0.010005239930174102,0.022147131865478918,0.14753345309348906,1.0,0.7507418475684456,0.20971403747897913,1,3,18,1.0,1.1992882487430434,3.9429251619106
Saudi Arabia (Red Sea),1602681.7872829996,531118.7535338998,224995.433866046,2358795.9746829453,0.6794490937260574,0.2251651941220942,0.09538571215184835,0.7486099435955037,1.0,0.5188961976866023,0.23309795977117354,1,3,19,1.0,1.4721813698056199,3.6568255694401097
Senegal,31059359.3044,80089.17346623701,19842168.536873993,50981617.01474023,0.6092266413483877,0.001570942197519568,0.38920241645409287,0.6183496923660814,1.0,0.4392110509535641,0.24249825335223174,1,5,58,1.0,1.8136679588502698,3.91299642932767
Seychelles,301251.142829,164.641843381,573592.8274168681,875008.6120892491,0.3442836318030125,0.00018816025477496313,0.6555282079422126,0.5876129308376702,1.0,0.842950839496917,0.22431587412234355,1,2,17,1.0,1.085216142035538,3.7044672065353756
Sicily (Italy),12288362.00707,18371.801347383,30946.456359547996,12337680.26477693,0.9960026312363005,0.001489080682357525,0.0025082880813419683,0.026126323530589416,1.0,0.12552161917118823,0.8249252183187468,1,3,18,1.0,2.3979986526884387,1.1981047012862531
Sierra Leone,9455236.12223,16444.5220051,1780198.0386174342,11251878.682852535,0.8403251038103927,0.0014614912290301237,0.1582134049605772,0.4072819433016189,1.0,0.005910860388422812,0.09296264837389426,1,2,30,1.0,1.9882477451607583,8.1170658324678
Singapore,469848.403676,2416.425465999,49954.422148322,522219.251290321,0.8997148276611386,0.00462722402521239,0.09565794831364899,0.3135423906226189,1.0,0.9656283780696371,0.3532182752695792,1,2,25,1.0,1.0174863276872905,2.637899185415998
Sint Maarten (Netherlands),8146.79193413,0.0,9440.367530728,17587.159464858,0.46322386229616064,0.0,0.5367761377038394,0.6284653601893219,1.0,,0.9044567675795805,1,0,30,1.0,,1.1017565346376106
Slovenia,58216.00781659999,0.070736236,3.236590531,58219.315143366985,0.9999431919328001,1.2149960167997456e-06,5.559307118315956e-05,0.0005625515812090232,1.0,1.0,0.9960586922959589,1,1,6,1.0,1.0,1.0032952460689661
Solomon Isl.,1003599.937637,261008.0652248,2792241.934751187,4056849.937612987,0.24738404256271526,0.06433761890102711,0.6882783385362575,0.7092413984508257,1.0,0.48823529353115,0.3548278117548526,1,3,24,1.0,1.5178571437579593,2.619789987117549
Somalia,1709677.44729,1606730.1585390198,5361143.736559217,8677551.342388237,0.19702302871301275,0.18515939521906824,0.617817576067919,0.8463831534511823,1.0,0.9704197045153623,0.21596338611069948,1,3,19,1.0,1.0201169063457205,3.8875945415735327
South Africa (Atlantic and Cape),60461223.09639999,0.0,608514.864933776,61069737.96133377,0.9900357380717917,0.0,0.009964261928208313,0.05082525439224586,1.0,,0.4188893820118089,1,0,24,1.0,,2.2568150625048857
South Africa (Indian Ocean Coast),476174.3887370002,0.0,39970.156699163,516144.5454361632,0.9225601489881354,0.0,0.0774398510118645,0.24801436735567167,1.0,,0.24640741889386958,1,0,10,1.0,,3.107842021770541
South Georgia & Sandwich Isl. (UK),33461.243890000005,0.0,4612974.566775082,4646435.810665081,0.007201486311980372,0.0,0.9927985136880197,0.038870668672969254,1.0,,0.4471844085554458,1,0,20,1.0,,2.1060382326034373
South Orkney Islands (UK),0.0,0.0,3114899.1567182103,3114899.1567182103,0.0,0.0,1.0,-0.0,,,0.39764662102896536,0,0,19,,,2.3291052207881386
Spain (Northwest),25279093.1306,1129161.6286564681,101537.864296941,26509792.62355341,0.9535756650219905,0.04259413284331885,0.0038302021346906605,0.183024385544864,1.0,0.4538994068856116,0.30330573048908116,1,3,24,1.0,1.5724928532006885,3.0090150839471503
"Spain (mainland, Med and Gulf of Cadiz)",24858199.910499997,359039.8160015,60145.206766121,25277384.93326762,0.9834165985178344,0.014203993686426278,0.0023794077957393356,0.08305567905770089,1.0,0.28701465148635036,0.1589421421643276,1,4,31,1.0,2.1493312881815725,5.374233664791556
Sri Lanka,17739218.721,8926786.730285497,95485.684472735,26761491.135758232,0.6628636136533202,0.3335683607838161,0.0035680255628636743,0.5997529093731367,1.0,1.0,0.2024074356322746,1,1,10,1.0,1.0,3.5440044062865383
St Barthelemy (France),11782.40150552,0.0,192.611931179,11975.013436699,0.9839155144002831,0.0,0.01608448559971678,0.0749871001902679,1.0,,0.18792203309238306,1,0,18,1.0,,4.29115530454156
St Martin (France),40794.23497009999,1.78913145,31.843448831099995,40827.867550381095,0.9991762347068555,4.382132982557155e-05,0.000779943963318818,0.006230309006669805,1.0,1.0,0.2888054107688286,1,1,17,1.0,1.0,3.024433918267096
St Paul & Amsterdam Isl. (France),54501.6652066,0.0,10099.981523171,64601.646729771004,0.8436575221461572,0.0,0.1563424778538428,0.3946385816807934,1.0,,0.08315349068032969,1,0,14,1.0,,6.727549778498366
St Paul and St. Peter Archipelago (Brazil),24294.594080193,0.0,18817.772638874,43112.366719067,0.5635179863472539,0.0,0.43648201365274614,0.6235650864555252,1.0,,0.13701153745390723,1,0,10,1.0,,4.478072104812125
Sudan,126110.91376299996,59055.60119422,16675.796392220003,201842.31134943996,0.6247991955694074,0.29258286233147546,0.08261794209911713,0.7823099630658489,1.0,1.0,0.7704827437634117,1,1,6,1.0,1.0,1.2364980291628358
Suriname,2823092.816453,0.0,1182133.720865271,4005226.537318271,0.704852220005319,0.0,0.295147779994681,0.5522392211401846,1.0,,0.3376764989965452,1,0,17,1.0,,2.655078453293112
Svalbard Isl. (Norway),8192766.323631001,10923515.83486,2110206.9392520194,21226489.09774302,0.38596897894443244,0.5146171740677303,0.09941384698783721,0.8545432693159315,1.0,1.0,0.41392358437309107,1,1,12,1.0,1.0,2.160932016334551
Sweden (Baltic),5449781.730959998,10410049.369411001,1296.7241090979999,15861127.824480098,0.34359358245312127,0.656324662697952,8.175484892673478e-05,0.5863826153151039,1.0,0.05275193586235811,0.7640259863455121,1,8,3,1.0,5.842556748073919,1.1866844639299892
Sweden (West Coast),2013312.9222739995,2565531.7421142594,27649.471328163003,4606494.1357164215,0.437059695064798,0.5569380241304176,0.006002280804784491,0.6539430648477713,1.0,0.924957753038913,0.19510239476154329,1,4,8,1.0,1.059638225029027,3.3816389704811605
Syria,192505.77589299995,938.048003263,39.877341928,193483.70123819093,0.9949456965163846,0.004848201668977804,0.00020610181463764958,0.029698835286518434,1.0,0.9893651817947139,0.2043868744364927,1,3,15,1.0,1.007140504112276,3.8845851002584584
Taiwan,24512595.200610008,886165.5212624171,45668.941793891,25444429.66366632,0.9633776635839892,0.03482748613256707,0.0017948502834435514,0.1494794337128138,1.0,0.685652481177085,0.8613926356855275,1,5,11,1.0,1.3359661040255613,1.1441735240832562
Tanzania,4759107.372080001,0.040397025,93020.638057648,4852128.050534674,0.9808288904402631,8.325630440760628e-09,0.01917110123410649,0.08628665694958268,1.0,1.0,0.10667994328153665,1,1,15,1.0,1.0,6.015594331199964
Thailand (Andaman Sea),19568404.016560003,88443.652622009,6785.455830958,19663633.12501297,0.9951570949352267,0.004497828659623686,0.00034507640514949467,0.0290266262438236,1.0,0.9879326234865107,0.3383441436213521,1,2,10,1.0,1.0060703146429204,2.472128425270044
Thailand (Gulf of Thailand),89790430.38189995,69691.41910575,2086.656117531,89862208.45712323,0.9992012429200698,0.0007755364607915517,2.322061913854059e-05,0.006008098254879396,1.0,0.9577062664153586,0.20114545612243825,1,2,12,1.0,1.021603717733449,3.7352922664522676
Timor Leste,209786.47600600004,10034.508664938,434932.496377688,654753.4810486261,0.32040528546715735,0.01532562858446685,0.6642690859483757,0.6375683354571682,1.0,0.23336728647038285,0.474524313138808,1,2,28,1.0,1.6215769803036904,2.0271997418893433
Togo,2427364.5421200003,204881.26876035,732187.014094335,3364432.8249746854,0.7214780821603309,0.06089622810700391,0.21762568973266516,0.6715987520459633,1.0,1.0,0.23967197129764908,1,1,33,1.0,1.0,3.80644653905539
Tokelau (New Zealand),2463.919650497,109.606589841,157270.37775087802,159843.903991216,0.015414536238006307,0.0006857101653812414,0.9838997535966125,0.07762671837968596,1.0,0.028993896137450664,0.38636508102697237,1,4,24,1.0,3.679914797683859,2.427578048005983
Tonga,337740.20950500004,281.985227705,135155.88208286,473178.076815565,0.7137697751720736,0.000595938910785404,0.28563428591714096,0.5488893438578701,1.0,0.30415035449282213,0.23901366801763754,1,3,25,1.0,1.8653228113616271,3.7112206946677735
Trindade & Martim Vaz Isl. (Brazil),1856880.100593294,0.0,1014421.898500895,2871301.999094189,0.646703168520443,0.0,0.35329683147955704,0.5911672934203827,1.0,,0.24843714553614218,1,0,35,1.0,,3.7049336051352424
Trinidad & Tobago,1107809.789981,445590.2108084,18150.233705997,1571550.234495397,0.7049152904340359,0.2835354550097935,0.011549254556170641,0.5965608774897689,1.0,1.0,0.24444178949899298,1,1,21,1.0,1.0,3.566069890373327
Tristan da Cunha Isl. (UK),46440.27011416,0.0,4072.234824013,50512.504938173,0.9193816495737562,0.0,0.08061835042624378,0.25511912577444834,1.0,,0.4685119189799073,1,0,10,1.0,,1.9169547333835801
Tromelin Isl. (France),45.79588890099999,0.0,26153.598003261,26199.393892162,0.0017479751283368667,0.0,0.9982520248716631,0.011691895587467676,1.0,,0.3081861455186091,1,0,8,1.0,,2.533808111794936
Tunisia,4251700.57118,68025.006667293,34603.9698562089,4354329.547703502,0.976430590427491,0.015622383634966208,0.007947025937542838,0.11531571238850429,1.0,0.5244083445621709,0.4437852870580413,1,4,28,1.0,1.5544695654811924,2.1567988528585293
Turkey (Black Sea),24120840.612060007,0.0,5109.33427386,24125949.946333867,0.9997882224623186,0.0,0.00021177753768142942,0.0018235619914381332,1.0,,0.27035437733973783,1,0,4,1.0,,2.2086474674906937
Turkey (Marmara Sea),7407789.459789999,0.0,2063.142139759,7409852.601929758,0.9997215677219785,0.0,0.00027843227802152145,0.0023281494616091756,1.0,,0.3340549198361582,1,0,5,1.0,,2.140209691839692
Turkey (Mediterranean Sea),4598824.6870140005,9369.7094796,2455.9697159280004,4610650.366209528,0.9974351385908167,0.002032188245777342,0.00053267316340603,0.01745243135966059,1.0,1.0,0.6482253745204256,1,1,6,1.0,1.0,1.4147183473242153
Turks & Caicos Isl. (UK),681984.38863,3152.960795382001,12120.803101217,697258.152526599,0.9780945352288062,0.004521941814458343,0.017383522956735332,0.10606013422600995,1.0,0.9009871046989496,0.2685241389222989,1,3,13,1.0,1.0706736664234513,3.078898186781344
Tuvalu,78410.11639790001,16917.825220316,604787.432327447,700115.373945663,0.11199599282615602,0.02416433897883382,0.8638396681950102,0.42015858966149444,1.0,0.7939249750955812,0.11944382166101418,1,2,23,1.0,1.114873825698,6.339993316743386
US Virgin Isl.,78997.13237969897,3532.8394641929995,6542.443049401,89072.41489329298,0.8868866132610865,0.0396625539840283,0.0734508327548851,0.3879943929510419,1.0,0.9965251264575667,0.26020806263550034,1,2,20,1.0,1.001740460711656,3.3647640485118466
"USA (Alaska, Arctic)",100033.13192661275,0.0,0.0,100033.13192661275,1.0,0.0,0.0,-0.0,1.0,,,1,0,0,1.0,,
"USA (Alaska, Subarctic)",83753562.0076,12905271.5593076,40771766.54310633,137430600.11001393,0.6094244072321217,0.09390391622372936,0.29667167654414894,0.8050466306315082,1.0,0.9403073997726317,0.6390063946121873,1,2,8,1.0,1.0307645068169937,1.461709221734839
USA (East Coast),112178429.0755958,1672209.0958331905,9938473.177470982,123789111.34889998,0.9062059485944653,0.013508531385446852,0.08028552002008776,0.31848452982535636,1.0,0.8012907341822282,0.2017131430436864,1,3,39,1.0,1.1527016681192668,4.500813901742501
USA (Gulf of Mexico),89163949.3366,60898.68043606001,87965.339587502,89312813.35662356,0.9983332288567695,0.0006818582703569451,0.0009849128728736702,0.012247366695949995,1.0,0.5214831884849164,0.38064683912981534,1,3,12,1.0,1.4684529485255935,2.3134246044134876
USA (West Coast),30598552.8484,4441.86078442,4688080.318867385,35291075.02805181,0.8670337422160741,0.00012586357261401923,0.13284039421131183,0.357713948077573,1.0,0.27643064893862657,0.9369062383559994,1,2,15,1.0,1.5668693020361375,1.0625722339760149
Ukraine,5648464.32128,2036.38234183,0.0,5650500.70362183,0.999639610284355,0.00036038971564497456,0.0,0.00292879611621899,1.0,1.0,,1,1,0,1.0,1.0,
United Arab Emirates,2643505.3911710004,0.0,9990.145828522102,2653495.5369995227,0.9962350998186269,0.0,0.0037649001813730575,0.022549906683125065,1.0,,0.155634921343008,1,0,9,1.0,,4.008766958211024
United Arab Emirates (Fujairah),612087.9087891,0.0,362.165493849,612450.074282949,0.9994086611969588,0.0,0.0005913388030412439,0.004539050865228717,1.0,,0.09498624290723941,1,0,10,1.0,,5.391195420258427
United Kingdom (UK),44494636.45599999,73360679.51137501,8913111.98535915,126768427.95273416,0.3509914666811984,0.5786983454486607,0.07031018787014083,0.7925278583124632,1.0,0.10431391676713563,0.2314854520662473,1,7,16,1.0,4.305351519592071,3.577592107008274
Uruguay,5680418.350139999,80032.26430635,132105.57606989902,5892556.190516247,0.963999012734461,0.013581926369265283,0.02241906089627382,0.16282180126782275,1.0,0.578521933205919,0.35499901380902155,1,2,16,1.0,1.267008052234076,2.52965018510243
Vanuatu,324786.123967,8846.83824528,297934.253500867,631567.2157131471,0.5142542486158992,0.014007754084084955,0.4717379973000157,0.6883384719051454,1.0,0.8060001771200711,0.19929805175217186,1,2,27,1.0,1.1074196034627692,4.36769569432769
Venezuela,17128148.74862,141937.38696940002,94644.22178430499,17364730.357373703,0.9863757395660773,0.008173889490263705,0.005450370943659115,0.0739379009581598,1.0,0.9947147569515096,0.2065912078931741,1,2,21,1.0,1.0026496234762747,4.0921121523273065
Viet Nam,93113476.89399,4278301.051107549,159197.774267167,97550975.71936472,0.9545109744658983,0.04385708107538969,0.001631944458712009,0.17480716088698342,1.0,0.4826876036174682,0.4051915698703573,1,7,12,1.0,1.7966566480823694,2.1989672200700356
Wake Isl. (USA),351.017724201,0.0,123094.58412080401,123445.601845005,0.0028435012584873496,0.0,0.9971564987415127,0.01775886192973713,1.0,,0.29748519637250653,1,0,24,1.0,,3.0603815121710634
Wallis & Futuna Isl. (France),43496.305616300015,0.038706936,81326.538308944,124822.88263218002,0.34846419742181495,3.1009487350215336e-07,0.6515354924833116,0.5884656131108336,1.0,1.0,0.34052696360714024,1,1,22,1.0,1.0,2.699033398049166
Yemen (Arabian Sea),8050962.668820002,0.0,1592773.0031846492,9643735.672004651,0.8348385877260821,0.0,0.16516141227391792,0.40790588583034315,1.0,,0.39998527047654786,1,0,13,1.0,,2.241447618183294
Yemen (Red Sea),2009321.94706,0.0,510529.869157229,2519851.816217229,0.7973968683906063,0.0,0.20260313160939372,0.45875148850171915,1.0,,0.8349270286088526,1,0,9,1.0,,1.1719640831765878
