region,n_eez,total_MMT,type1_MMT,type2_MMT,type3_MMT,type1_pct,type2_pct,type3_pct
Africa (West),12,285.33831998691835,117.80503304249785,12.01165639076194,155.52163055365864,41.286089105696966,4.209619090528264,54.50429180377479
Oceania,25,99.86237744847097,43.90465579787585,2.9958341050377766,52.96188754555735,43.965161775294874,2.9999627302921246,53.034875494413015
Africa (non-western),30,433.37630141169353,209.758634960301,55.302003040639555,168.315663410753,48.4010395300866,12.760735384121624,38.83822508579179
Europe (E/S),31,156.541207119061,97.09139432909743,20.66273320983201,38.78707958013156,62.02289870886989,13.199548917568071,24.777552373562038
North America,19,575.0774696988639,421.59168234803366,18.26114975795722,135.2246375928729,73.31041547650925,3.175424307184138,23.514160216306603
Europe (North),24,545.2094743583914,287.55484314903833,176.1769173401517,81.47771386920137,52.74208477162583,32.31361992516338,14.944295303210799
Europe (West),29,126.04619053702534,105.32227345462613,15.292768710770114,5.4311483716290585,83.55847408469542,12.132670289847395,4.308855625457153
Caribbean,14,13.949168372249286,12.772279203904226,0.7334897328900513,0.44339943545500793,91.56301553656502,5.258304390025633,3.1786800734093537
South America,18,840.4185497624087,791.879168778693,31.97891095444685,16.560470029268906,94.22438010233851,3.805117219686248,1.9705026779752361
Central America,14,122.9685614419336,119.26441989097499,2.4160992178540175,1.2880423331046045,96.98773287454637,1.964810508899799,1.0474566165538375
Asia,60,2507.0402097126303,2069.32457095569,412.0475716525528,25.66806710438758,82.54054174874548,16.43561878490109,1.023839466353425
