region,n_eez,IFS,PFS,TFS,MFE,PFCI,TFCI,ENP_P,ENP_T
Africa (West),12,0.41286089105696966,0.04209619090528257,0.5450429180377478,0.5427928725458756,0.6276351392596083,0.1986539665549958,1.4845525868337142,8.228631430415343
Oceania,25,0.43965161775294875,0.029999627302921203,0.53034875494413,0.5533969286549234,0.7794304722773878,0.2638302473279219,1.316084970780836,3.583577800037347
Africa (non-western),30,0.484010395300866,0.12760735384121621,0.38838225085791783,0.652456127239192,0.7714681352978768,0.23884208058465914,1.19632338102961,5.28674381883172
Europe (E/S),31,0.6202289870886988,0.1319954891756807,0.2477755237356203,0.47120521362174184,0.463826496798162,0.39432083179027566,2.1903634931054023,2.90854806098816
North America,19,0.7331041547650925,0.03175424307184135,0.235141602163066,0.48822690725335227,0.7679105328717193,0.40667466756210763,1.1793733708224148,3.289478259784285
Europe (North),24,0.5274208477162582,0.3231361992516337,0.14944295303210792,0.6888017185255709,0.43075234288416,0.22342627974510557,2.5153781491869975,3.892411851366282
Europe (West),29,0.8355847408469542,0.12132670289847393,0.04308855625457149,0.2960774208680067,0.5140625682848372,0.32071790336428024,1.8189035344346562,3.20297980034279
Caribbean,14,0.9156301553656501,0.052583043900256296,0.031786800734093484,0.23419486019687372,0.9118562923202409,0.36909850141410566,1.0694672131375722,2.6577702859082204
South America,18,0.9422438010233853,0.03805117219686244,0.019705026779752294,0.20738238149711868,0.9462034137159295,0.25603178103733387,1.0376060941598086,3.13620184035186
Central America,14,0.9698773287454638,0.019648105088997916,0.010474566165538296,0.11817989868795732,0.9688253534069665,0.5250209780081849,1.0231989138559245,1.8771215308484772
Asia,60,0.8254054174874549,0.1643561878490109,0.010238394663534196,0.36806425733598797,0.5862591561153462,0.488823764050691,1.6941135156774745,2.3574102835611237
