year,telecoupled_share
1950,0.0926921658153871
1951,0.08165042273469106
1952,0.10109335429679284
1953,0.1013210704107535
1954,0.1049235435468715
1955,0.11346560541797704
1956,0.10962600792667622
1957,0.11085185100229232
1958,0.11847787191775111
1959,0.12115257681342702
1960,0.13713499696428455
1961,0.14067400821601297
1962,0.13379128222501008
1963,0.14113688163671598
1964,0.1499315702687523
1965,0.1762790903017841
1966,0.17208672325943913
1967,0.18881698636451277
1968,0.17899803276904208
1969,0.18960726959853744
1970,0.18340818761500619
1971,0.2037912381420188
1972,0.21607404113315448
1973,0.21358872317532326
1974,0.19344833165655426
1975,0.19544470388428653
1976,0.1846648953087885
1977,0.16734681567650475
1978,0.15072558035981404
1979,0.13310260584278247
1980,0.14244123414649768
1981,0.13637312334548696
1982,0.1353663089009532
1983,0.14505610480888295
1984,0.13090952433591221
1985,0.1323207987084705
1986,0.12978097322771168
1987,0.12564592069360672
1988,0.13201848323235316
1989,0.13241792940854083
1990,0.12564914212063463
1991,0.11774022591221928
1992,0.1043820657445415
1993,0.09248565790907115
1994,0.08172823776129834
1995,0.08451734374707481
1996,0.08138276433520293
1997,0.08237393817515593
1998,0.08664282438466585
1999,0.08304387966625013
2000,0.08530290598733165
2001,0.08312673943402954
2002,0.08385248886764624
2003,0.08162958322452249
2004,0.07503793815617381
2005,0.076490598443683
2006,0.0771046757826361
2007,0.08825887649016755
2008,0.08790334469894306
2009,0.07824695711912266
2010,0.08246335294749842
2011,0.07264277062867876
2012,0.06651518041942167
2013,0.0659723110973935
2014,0.07847590688369492
