alias_key,alias_display,code,iso_a3
bamian,Bamian,AFG005,AFG
bamiyan,Bamiyan,AFG005,AFG
daikundi,Daikundi,AFG006,AFG
helmand,Helmand,AFG011,AFG
helmand province,Helmand Province,AFG011,AFG
herat,Herat,AFG012,AFG
herat province,Herat Province,AFG012,AFG
jowzjan,Jowzjan,AFG013,AFG
khowst,Khowst,AFG017,AFG
kondoz,Kondoz,AFG019,AFG
qunduz,Qunduz,AFG019,AFG
paktia,Paktia,AFG026,AFG
sar-e-pol,Sar-e-Pol,AFG030,AFG
sari pul,Sari Pul,AFG030,AFG
urozgan,Urozgan,AFG032,AFG
maidan wardak,Maidan Wardak,AFG033,AFG
cuando-cubango,Cuando-Cubango,AGO005,AGO
north cuanza,North Cuanza,AGO006,AGO
south cuanza,South Cuanza,AGO007,AGO
north lunda,North Lunda,AGO012,AGO
south lunda,South Lunda,AGO013,AGO
mocamedes,Moçâmedes,AGO016,AGO
dibra,Dibra,ALB005,ALB
gjirokastra,Gjirokastra,ALB009,ALB
korca,Korca,ALB014,ALB
korcha,Korcha,ALB014,ALB
kruja,Kruja,ALB015,ALB
lezha,Lezha,ALB019,ALB
malesia e madhe,Malesia e Madhe,ALB022,ALB
saranda,Saranda,ALB030,ALB
scutari,Scutari,ALB031,ALB
shkodra,Shkodra,ALB031,ALB
tirana,Tirana,ALB034,ALB
valona,Valona,ALB036,ALB
vlora,Vlora,ALB036,ALB
ras al-khaimah,Ras al-Khaimah,ARE005,ARE
umm al-quwain,Umm al-Quwain,ARE007,ARE
autonomous city of buenos aires,Autonomous City of Buenos Aires,ARG002,ARG
buenos aires city,Buenos Aires City,ARG002,ARG
city of buenos aires,City of Buenos Aires,ARG002,ARG
gegharkunik,Gegharkunik,ARM004,ARM
yerevan city,Yerevan City,ARM011,ARM
styria,Styria,AUT006,AUT
tyrol,Tyrol,AUT007,AUT
vienna,Vienna,AUT009,AUT
agdam,Agdam,AZE004,AZE
agstafa,Agstafa,AZE005,AZE
baki,Baki,AZE009,AZE
fizuli,Fizuli,AZE015,AZE
qabala,Qabala,AZE016,AZE
gedabek,Gedabek,AZE017,AZE
gyanja,Gyanja,AZE019,AZE
kirovabad,Kirovabad,AZE019,AZE
kazakh,Kazakh,AZE020,AZE
djulfa,Djulfa,AZE033,AZE
kelbajar,Kelbajar,AZE034,AZE
stepanakert,Stepanakert,AZE037,AZE
khojali,Khojali,AZE039,AZE
nakhchivan autonomous republic,Nakhchivan Autonomous Republic,AZE048,AZE
nakhichevan,Nakhichevan,AZE048,AZE
naxcivan,Naxcivan,AZE048,AZE
nukha,Nukha,AZE059,AZE
sheki,Sheki,AZE059,AZE
shamakha,Shamakha,AZE060,AZE
shemakha,Shemakha,AZE060,AZE
sumgayit,Sumgayit,AZE066,AZE
yevlax,Yevlax,AZE071,AZE
zakatala,Zakatala,AZE072,AZE
bujumbura city,Bujumbura City,BDI002,BDI
bujumbura mairie,Bujumbura Mairie,BDI002,BDI
brussels capital region,Brussels Capital Region,BEL001,BEL
brussels-capital region,Brussels-Capital Region,BEL001,BEL
wallonia,Wallonia,BEL002,BEL
walloon region,Walloon Region,BEL002,BEL
flanders,Flanders,BEL003,BEL
flemish region,Flemish Region,BEL003,BEL
centre-east,Centre-East,BFA004,BFA
centre-north,Centre-North,BFA005,BFA
centre-west,Centre-West,BFA006,BFA
centre-south,Centre-South,BFA007,BFA
upper basins,Upper Basins,BFA009,BFA
central plateau,Central Plateau,BFA011,BFA
south-west,South-West,BFA013,BFA
chittagong,Chittagong,BGD002,BGD
dacca,Dacca,BGD003,BGD
rajshahi division,Rajshahi Division,BGD006,BGD
yambol,Yambol,BGR006,BGR
kyustendil,Kyustendil,BGR008,BGR
rousse,Rousse,BGR016,BGR
smolyan,Smolyan,BGR020,BGR
sofia city,Sofia City,BGR022,BGR
sofia city province,Sofia City Province,BGR022,BGR
veliko turnovo,Veliko Turnovo,BGR026,BGR
vratsa,Vratsa,BGR028,BGR
central governorate,Central Governorate,BHR001,BHR
capital governorate,Capital Governorate,BHR007,BHR
muharraq governorate,Muharraq Governorate,BHR008,BHR
northern governorate,Northern Governorate,BHR009,BHR
southern governorate,Southern Governorate,BHR012,BHR
federation of bih,Federation of BiH,BIH001,BIH
serb republic,Serb Republic,BIH002,BIH
homyel,Homyel,BLR002,BLR
hrodna,Hrodna,BLR003,BLR
mahilyow,Mahilyow,BLR006,BLR
vitsebsk,Vitsebsk,BLR007,BLR
brasilia,Brasilia,BRA007,BRA
federal district,Federal District,BRA007,BRA
mongar,Mongar,BTN007,BTN
tashigang,Tashigang,BTN015,BTN
tashiyangtse,Tashiyangtse,BTN016,BTN
trashi yangtse,Trashi Yangtse,BTN016,BTN
wangdi phodrang,Wangdi Phodrang,BTN019,BTN
wangdue phodrang,Wangdue Phodrang,BTN019,BTN
ghanzi district,Ghanzi District,BWA003,BWA
kalahari,Kalahari,BWA004,BWA
okavango,Okavango,BWA007,BWA
equator,Equator,CAF002,CAF
appenzell outer rhodes,Appenzell Outer Rhodes,CHE002,CHE
appenzell inner rhodes,Appenzell Inner Rhodes,CHE003,CHE
basel land,Basel Land,CHE004,CHE
basel-country,Basel-Country,CHE004,CHE
basel city,Basel City,CHE005,CHE
freiburg,Freiburg,CHE007,CHE
geneva,Geneva,CHE008,CHE
grisons,Grisons,CHE010,CHE
lucerne,Lucerne,CHE012,CHE
saint gallen,Saint Gallen,CHE016,CHE
st gallen,St Gallen,CHE016,CHE
st. gallen,St. Gallen,CHE016,CHE
wallis,Wallis,CHE023,CHE
aysen,Aysén,CHL001,CHL
aysen region,Aysén Region,CHL001,CHL
o'higgins region,O'Higgins Region,CHL008,CHL
metropolitan region,Metropolitan Region,CHL013,CHL
santiago metropolitan region,Santiago Metropolitan Region,CHL013,CHL
canton province,Canton Province,CHN006,CHN
guangxi zhuang autonomous region,Guangxi Zhuang Autonomous Region,CHN007,CHN
ningxia hui autonomous region,Ningxia Hui Autonomous Region,CHN020,CHN
szechuan,Szechuan,CHN026,CHN
szechwan,Szechwan,CHN026,CHN
xinjiang uyghur autonomous region,Xinjiang Uyghur Autonomous Region,CHN028,CHN
tibet,Tibet,CHN029,CHN
tibet autonomous region,Tibet Autonomous Region,CHN029,CHN
mountains,Mountains,CIV031,CIV
savannas,Savannas,CIV033,CIV
bandama valley,Bandama Valley,CIV034,CIV
far north,Far North,CMR004,CMR
south west,South West,CMR010,CMR
north kivu,North Kivu,COD009,COD
south kivu,South Kivu,COD011,COD
equator province,Equator Province,COD013,COD
upper katanga,Upper Katanga,COD014,COD
upper lomami,Upper Lomami,COD015,COD
upper uele,Upper Uele,COD016,COD
central kasai,Central Kasai,COD019,COD
eastern kasai,Eastern Kasai,COD020,COD
pointe-noire,Pointe-Noire,COG010,COG
bogota dc,Bogota DC,COL006,COL
cauca department,Cauca Department,COL012,COL
huila department,Huila Department,COL019,COL
la guajira department,La Guajira Department,COL020,COL
north santander,North Santander,COL024,COL
cauca valley,Cauca Valley,COL031,COL
havana,Havana,CUB008,CUB
nicosia,Nicosia,CYP001,CYP
kyrenia,Kyrenia,CYP002,CYP
famagusta,Famagusta,CYP003,CYP
larnaca,Larnaca,CYP004,CYP
limassol,Limassol,CYP005,CYP
paphos,Paphos,CYP006,CYP
south bohemia,South Bohemia,CZE001,CZE
south bohemian region,South Bohemian Region,CZE001,CZE
south moravia,South Moravia,CZE002,CZE
south moravian region,South Moravian Region,CZE002,CZE
prague,Prague,CZE003,CZE
north bohemia,North Bohemia,CZE004,CZE
north bohemian region,North Bohemian Region,CZE004,CZE
north moravia,North Moravia,CZE005,CZE
north moravian region,North Moravian Region,CZE005,CZE
central bohemia,Central Bohemia,CZE006,CZE
central bohemian region,Central Bohemian Region,CZE006,CZE
east bohemia,East Bohemia,CZE007,CZE
east bohemian region,East Bohemian Region,CZE007,CZE
west bohemia,West Bohemia,CZE008,CZE
west bohemian region,West Bohemian Region,CZE008,CZE
baden-wurttemberg,Baden-Württemberg,DEU001,DEU
bavaria,Bavaria,DEU002,DEU
hesse,Hesse,DEU007,DEU
mecklenburg-western pomerania,Mecklenburg-Western Pomerania,DEU008,DEU
lower saxony,Lower Saxony,DEU009,DEU
north rhine-westphalia,North Rhine-Westphalia,DEU010,DEU
rhineland-palatinate,Rhineland-Palatinate,DEU011,DEU
saxony,Saxony,DEU013,DEU
saxony-anhalt,Saxony-Anhalt,DEU014,DEU
thuringia,Thuringia,DEU016,DEU
ali sabieh,Ali Sabieh,DJI001,DJI
dikhil,Dikhil,DJI002,DJI
northern jutland,Northern Jutland,DNK003,DNK
national district,National District,DOM005,DOM
el seybo,El Seybo,DOM007,DOM
maria trinidad sanchez,Maria Trinidad Sanchez,DOM015,DOM
hermanas mirabal,Hermanas Mirabal,DOM022,DOM
algiers,Algiers,DZA004,DZA
msila,Msila,DZA026,DZA
souk ahras,Souk Ahras,DZA040,DZA
santo domingo de los colorados,Santo Domingo de los Colorados,ECU023,ECU
el iskandariyah,El Iskandariyah,EGY001,EGY
assyut,Assyut,EGY002,EGY
asyut,Asyut,EGY002,EGY
asswan,Asswan,EGY003,EGY
al buhayrah,Al Buhayrah,EGY004,EGY
beheira,Beheira,EGY004,EGY
beni sweif,Beni Sweif,EGY005,EGY
ad daqahliyah,Ad Daqahliyah,EGY007,EGY
daqahliyya,Daqahliyya,EGY007,EGY
faiyum,Faiyum,EGY009,EGY
fayyum,Fayyum,EGY009,EGY
al gharbiyah,Al Gharbiyah,EGY010,EGY
gharbiyya,Gharbiyya,EGY010,EGY
kafr ash-shaykh,Kafr ash-Shaykh,EGY013,EGY
kafr el-sheikh,Kafr el-Sheikh,EGY013,EGY
qaliubiya,Qaliubiya,EGY014,EGY
qalyubia,Qalyubia,EGY014,EGY
luxor governorate,Luxor Governorate,EGY015,EGY
matruh,Matruh,EGY016,EGY
mersa matruh,Mersa Matruh,EGY016,EGY
al minya,Al Minya,EGY017,EGY
minya,Minya,EGY017,EGY
menofia,Menofia,EGY018,EGY
monufia,Monufia,EGY018,EGY
el wadi el gedid,El Wadi El Gedid,EGY019,EGY
wadi al-jadid,Wadi al-Jadid,EGY019,EGY
north sinai governorate,North Sinai Governorate,EGY020,EGY
shamal sina,Shamal Sina,EGY020,EGY
qina,Qina,EGY022,EGY
al sharqiyya,Al Sharqiyya,EGY024,EGY
sharkia,Sharkia,EGY024,EGY
sharqia,Sharqia,EGY024,EGY
sohag,Sohag,EGY027,EGY
southern red sea,Southern Red Sea,ERI004,ERI
northern red sea,Northern Red Sea,ERI007,ERI
andalusia,Andalusia,ESP002,ESP
castile and leon,Castile and Leon,ESP006,ESP
castile-leon,Castile-Leon,ESP006,ESP
castile-la mancha,Castile-La Mancha,ESP007,ESP
catalonia,Catalonia,ESP008,ESP
community of madrid,Community of Madrid,ESP011,ESP
foral community of navarre,Foral Community of Navarre,ESP012,ESP
navarre,Navarre,ESP012,ESP
valencia,Valencia,ESP013,ESP
valencian community,Valencian Community,ESP013,ESP
basque country,Basque Country,ESP018,ESP
principality of asturias,Principality of Asturias,ESP019,ESP
region of murcia,Region of Murcia,ESP020,ESP
harju county,Harju County,EST002,EST
ida-viru county,Ida-Viru County,EST004,EST
jarva county,Järva County,EST005,EST
jogeva county,Jõgeva County,EST006,EST
laane county,Lääne County,EST007,EST
west county,West County,EST007,EST
laane-viru county,Lääne-Viru County,EST008,EST
parnu county,Pärnu County,EST009,EST
polva county,Põlva County,EST010,EST
rapla county,Rapla County,EST011,EST
tartu county,Tartu County,EST013,EST
valga county,Valga County,EST014,EST
viljandi county,Viljandi County,EST015,EST
voru county,Võru County,EST016,EST
addis ababa city administration,Addis Ababa City Administration,ETH001,ETH
benishangul-gumuz,Benishangul-Gumuz,ETH004,ETH
gambella,Gambella,ETH006,ETH
snnpr,SNNPR,ETH010,ETH
southern nations nationalities and peoples region,Southern Nations Nationalities and Peoples Region,ETH010,ETH
"southern nations, nationalities, and peoples region","Southern Nations, Nationalities, and Peoples Region",ETH010,ETH
lappi,Lappi,FIN002,FIN
lower normandy,Lower Normandy,FRA005,FRA
burgundy,Burgundy,FRA006,FRA
brittany,Brittany,FRA007,FRA
upper normandy,Upper Normandy,FRA012,FRA
languedoc-roussillon,Languedoc-Roussillon,FRA014,FRA
loire valley,Loire Valley,FRA019,FRA
picardy,Picardy,FRA020,FRA
provence-alpes-cote d'azur,Provence-Alpes-Cote d'Azur,FRA022,FRA
auvergne-rhone-alpes,Auvergne-Rhône-Alpes,FRA023,FRA
upper ogooue,Upper Ogooue,GAB002,GAB
middle ogooue,Middle Ogooue,GAB003,GAB
north east region,North East Region,GHA015,GHA
central river region north,Central River Region North,GMB002,GMB
central river region south,Central River Region South,GMB003,GMB
bolama-bijagos,Bolama-Bijagos,GNB003,GNB
bissau autonomous sector,Bissau Autonomous Sector,GNB008,GNB
bioko north,Bioko North,GNQ002,GNQ
bioko south,Bioko South,GNQ003,GNQ
central south,Central South,GNQ004,GNQ
south center,South Center,GNQ004,GNQ
attica,Attica,GRC002,GRC
ionian islands,Ionian Islands,GRC005,GRC
epirus,Epirus,GRC006,GRC
peloponnese,Peloponnese,GRC010,GRC
thessaly,Thessaly,GRC012,GRC
barima-waini,Barima-Waini,GUY001,GUY
region 1,Region 1,GUY001,GUY
cuyuni-mazaruni,Cuyuni-Mazaruni,GUY002,GUY
region 7,Region 7,GUY002,GUY
demerara-mahaica,Demerara-Mahaica,GUY003,GUY
region 4,Region 4,GUY003,GUY
east berbice-corentyne,East Berbice-Corentyne,GUY004,GUY
region 6,Region 6,GUY004,GUY
essequibo islands-west demerara,Essequibo Islands-West Demerara,GUY005,GUY
region 3,Region 3,GUY005,GUY
mahaica-berbice,Mahaica-Berbice,GUY006,GUY
region 5,Region 5,GUY006,GUY
pomeroon-supenaam,Pomeroon-Supenaam,GUY007,GUY
region 2,Region 2,GUY007,GUY
potaro-siparuni,Potaro-Siparuni,GUY008,GUY
region 8,Region 8,GUY008,GUY
region 10,Region 10,GUY009,GUY
upper demerara-berbice,Upper Demerara-Berbice,GUY009,GUY
region 9,Region 9,GUY010,GUY
upper takutu-upper essequibo,Upper Takutu-Upper Essequibo,GUY010,GUY
la mosquitia,La Mosquitia,HND008,HND
mosquitia,Mosquitia,HND008,HND
city of zagreb,City of Zagreb,HRV003,HRV
istria,Istria,HRV004,HRV
medimurje county,Medimurje County,HRV009,HRV
medjimurje,Medjimurje,HRV009,HRV
kvarner,Kvarner,HRV012,HRV
primorje-gorski kotar,Primorje-Gorski Kotar,HRV012,HRV
sibenik-knin,Sibenik-Knin,HRV013,HRV
brod-posavina,Brod-Posavina,HRV015,HRV
slavonski brod-posavina,Slavonski Brod-Posavina,HRV015,HRV
split-dalmatia,Split-Dalmatia,HRV016,HRV
vukovar-syrmia,Vukovar-Syrmia,HRV019,HRV
zadar county,Zadar County,HRV020,HRV
zagreb county,Zagreb County,HRV021,HRV
grand anse,Grand Anse,HTI003,HTI
northwest,Northwest,HTI007,HTI
budapest capital region,Budapest Capital Region,HUN005,HUN
csongrad-csanad,Csongrad-Csanad,HUN006,HUN
north sumatra,North Sumatra,IDN002,IDN
west sumatra,West Sumatra,IDN003,IDN
south sumatra,South Sumatra,IDN006,IDN
west java,West Java,IDN012,IDN
central java,Central Java,IDN013,IDN
special region of yogyakarta,Special Region of Yogyakarta,IDN014,IDN
east java,East Java,IDN015,IDN
east nusa tenggara,East Nusa Tenggara,IDN019,IDN
west kalimantan,West Kalimantan,IDN020,IDN
central kalimantan,Central Kalimantan,IDN021,IDN
south kalimantan,South Kalimantan,IDN022,IDN
east kalimantan,East Kalimantan,IDN023,IDN
north kalimantan,North Kalimantan,IDN024,IDN
north sulawesi,North Sulawesi,IDN025,IDN
central sulawesi,Central Sulawesi,IDN026,IDN
south sulawesi,South Sulawesi,IDN027,IDN
southeast sulawesi,Southeast Sulawesi,IDN028,IDN
south west papua,South West Papua,IDN034,IDN
southwest papua,Southwest Papua,IDN034,IDN
west papua,West Papua,IDN035,IDN
south papua,South Papua,IDN036,IDN
central papua,Central Papua,IDN037,IDN
highland papua,Highland Papua,IDN038,IDN
papua highlands,Papua Highlands,IDN038,IDN
national capital territory,National Capital Territory,IND010,IND
new delhi,New Delhi,IND010,IND
mysore,Mysore,IND017,IND
central province,Central Province,IND020,IND
orissa,Orissa,IND026,IND
pondicherry,Pondicherry,IND027,IND
tamilnadu,Tamilnadu,IND031,IND
united provinces,United Provinces,IND034,IND
uttaranchal,Uttaranchal,IND035,IND
ardabil,Ardabil,IRN001,IRN
chaharmahal and bakhtiari,Chaharmahal and Bakhtiari,IRN003,IRN
isfahan,Isfahan,IRN005,IRN
qazvin,Qazvin,IRN007,IRN
kohgiluyeh and boyer-ahmad,Kohgiluyeh and Boyer-Ahmad,IRN018,IRN
kurdistan,Kurdistan,IRN019,IRN
sistan and balochestan,Sistan and Balochestan,IRN024,IRN
sistan and baluchestan,Sistan and Baluchestan,IRN024,IRN
sistan-baluchestan,Sistan-Baluchestan,IRN024,IRN
west azerbayjan,West Azerbayjan,IRN026,IRN
basra,Basra,IRQ002,IRQ
diwaniyah,Diwaniyah,IRQ005,IRQ
qadisiyyah,Qadisiyyah,IRQ005,IRQ
sulaimaniya,Sulaimaniya,IRQ006,IRQ
dohuk,Dohuk,IRQ010,IRQ
arbil,Arbil,IRQ011,IRQ
irbil,Irbil,IRQ011,IRQ
karbala,Karbala,IRQ012,IRQ
tamim,Tamim,IRQ013,IRQ
missan,Missan,IRQ014,IRQ
mosul,Mosul,IRQ015,IRQ
nineveh,Nineveh,IRQ015,IRQ
saladin,Saladin,IRQ016,IRQ
salah ad-din,Salah ad-Din,IRQ016,IRQ
dhi qar,Dhi Qar,IRQ017,IRQ
nasiriyah,Nasiriyah,IRQ017,IRQ
wasit,Wasit,IRQ018,IRQ
east bardastrands,East Bardastrands,ISL002,ISL
east hunavatns,East Hunavatns,ISL003,ISL
east skaftafell,East Skaftafell,ISL004,ISL
eyjafjordur,Eyjafjordur,ISL007,ISL
north isafjardar,North Isafjardar,ISL011,ISL
north mula,North Mula,ISL012,ISL
north thingeyjarsysla,North Thingeyjarsysla,ISL013,ISL
skagafjordur,Skagafjordur,ISL015,ISL
south mula,South Mula,ISL018,ISL
south thingeyjarsysla,South Thingeyjarsysla,ISL019,ISL
west bardastrands,West Bardastrands,ISL020,ISL
west hunavatn,West Hunavatn,ISL021,ISL
west isafjord,West Isafjord,ISL022,ISL
westfjords,Westfjords,ISL022,ISL
west skaftafell,West Skaftafell,ISL023,ISL
center district,Center District,ISR001,ISR
haifa district,Haifa District,ISR002,ISR
jerusalem district,Jerusalem District,ISR003,ISR
northern district,Northern District,ISR004,ISR
tel aviv district,Tel Aviv District,ISR006,ISR
abruzzo,Abruzzo,ITA001,ITA
lombardy,Lombardy,ITA009,ITA
piedmont,Piedmont,ITA012,ITA
apulia,Apulia,ITA013,ITA
tuscany,Tuscany,ITA016,ITA
south tyrol,South Tyrol,ITA017,ITA
trentino-south tyrol,Trentino-South Tyrol,ITA017,ITA
aosta valley,Aosta Valley,ITA019,ITA
ajlun,Ajlun,JOR001,JOR
al balqa,Al Balqa,JOR004,JOR
jerash,Jerash,JOR006,JOR
kerak,Kerak,JOR007,JOR
maan,Maan,JOR008,JOR
at tafilah,At Tafilah,JOR011,JOR
tafila,Tafila,JOR011,JOR
aichi,Aichi,JPN001,JPN
hiroshima,Hiroshima,JPN007,JPN
fukui,Fukui,JPN009,JPN
fukuoka,Fukuoka,JPN010,JPN
fukushima,Fukushima,JPN011,JPN
hyogo,Hyogo,JPN012,JPN
ishikawa,Ishikawa,JPN014,JPN
kagoshima,Kagoshima,JPN017,JPN
kochi,Kochi,JPN019,JPN
kyoto,Kyoto,JPN021,JPN
oita,Oita,JPN031,JPN
osaka,Osaka,JPN032,JPN
shiga,Shiga,JPN035,JPN
shimane,Shimane,JPN036,JPN
shizuoka,Shizuoka,JPN037,JPN
chiba,Chiba,JPN038,JPN
tokushima,Tokushima,JPN039,JPN
tokyo,Tokyo,JPN040,JPN
tokyo metropolis,Tokyo Metropolis,JPN040,JPN
tochigi,Tochigi,JPN041,JPN
yamaguchi,Yamaguchi,JPN046,JPN
yamanashi,Yamanashi,JPN047,JPN
akmola,Akmola,KAZ001,KAZ
akmola region,Akmola Region,KAZ001,KAZ
aktobe,Aktobe,KAZ002,KAZ
aktobe region,Aktobe Region,KAZ002,KAZ
aktyubinsk region,Aktyubinsk Region,KAZ002,KAZ
almaty oblast,Almaty Oblast,KAZ003,KAZ
almaty region,Almaty Region,KAZ003,KAZ
atyrau,Atyrau,KAZ005,KAZ
atyrau region,Atyrau Region,KAZ005,KAZ
jambyl region,Jambyl Region,KAZ006,KAZ
zhambyl,Zhambyl,KAZ006,KAZ
zhambyl region,Zhambyl Region,KAZ006,KAZ
karaganda,Karaganda,KAZ007,KAZ
karaganda region,Karaganda Region,KAZ007,KAZ
karagandy region,Karagandy Region,KAZ007,KAZ
kostanay,Kostanay,KAZ008,KAZ
kostanay region,Kostanay Region,KAZ008,KAZ
qostanay region,Qostanay Region,KAZ008,KAZ
kyzylorda,Kyzylorda,KAZ009,KAZ
kyzylorda region,Kyzylorda Region,KAZ009,KAZ
mangyshlak region,Mangyshlak Region,KAZ010,KAZ
mangystau,Mangystau,KAZ010,KAZ
mangystau region,Mangystau Region,KAZ010,KAZ
pavlodar,Pavlodar,KAZ011,KAZ
pavlodar region,Pavlodar Region,KAZ011,KAZ
turkestan region,Turkestan Region,KAZ014,KAZ
homa bay county,Homa Bay County,KEN008,KEN
kisumu city,Kisumu City,KEN017,KEN
muranga,Muranga,KEN029,KEN
nairobi city,Nairobi City,KEN030,KEN
taita-taveta,Taita-Taveta,KEN039,KEN
turkana county,Turkana County,KEN043,KEN
uasin gishu county,Uasin Gishu County,KEN044,KEN
chui,Chui,KGZ002,KGZ
chui province,Chui Province,KGZ002,KGZ
jalal-abat,Jalal-Abat,KGZ003,KGZ
osh province,Osh Province,KGZ005,KGZ
issyk-kul,Issyk-Kul,KGZ007,KGZ
issyk-kul province,Issyk-Kul Province,KGZ007,KGZ
kracheh,Kracheh,KHM011,KHM
mondulkiri,Mondulkiri,KHM012,KHM
ratanakiri,Ratanakiri,KHM019,KHM
siem reap,Siem Reap,KHM020,KHM
sihanoukville,Sihanoukville,KHM021,KHM
tbong khmum,Tbong Khmum,KHM025,KHM
basseterre parish,Basseterre Parish,KNA003,KNA
charlestown parish,Charlestown Parish,KNA010,KNA
jeollabuk-do,Jeollabuk-do,KOR002,KOR
north jeolla,North Jeolla,KOR002,KOR
jeollanam-do,Jeollanam-do,KOR003,KOR
south jeolla,South Jeolla,KOR003,KOR
chungcheongbuk-do,Chungcheongbuk-do,KOR004,KOR
north chungcheong,North Chungcheong,KOR004,KOR
chungcheongnam-do,Chungcheongnam-do,KOR005,KOR
south chungcheong,South Chungcheong,KOR005,KOR
incheon,Incheon,KOR006,KOR
gangwon,Gangwon,KOR007,KOR
gangwon-do,Gangwon-do,KOR007,KOR
gwangju,Gwangju,KOR008,KOR
gyeonggi,Gyeonggi,KOR009,KOR
gyeonggi-do,Gyeonggi-do,KOR009,KOR
gyeongsangbuk-do,Gyeongsangbuk-do,KOR010,KOR
north gyeongsang,North Gyeongsang,KOR010,KOR
gyeongsangnam-do,Gyeongsangnam-do,KOR011,KOR
south gyeongsang,South Gyeongsang,KOR011,KOR
busan,Busan,KOR012,KOR
daegu,Daegu,KOR014,KOR
daejeon,Daejeon,KOR015,KOR
farwaniya,Farwaniya,KWT002,KWT
jahra,Jahra,KWT003,KWT
attapeu,Attapeu,LAO001,LAO
bolikhamsai,Bolikhamsai,LAO003,LAO
huaphanh,Huaphanh,LAO005,LAO
khammouane,Khammouane,LAO006,LAO
luang namtha,Luang Namtha,LAO007,LAO
luang prabang,Luang Prabang,LAO008,LAO
oudomxay,Oudomxay,LAO009,LAO
udomxai,Udomxai,LAO009,LAO
salavan,Salavan,LAO011,LAO
sayaboury,Sayaboury,LAO015,LAO
xayaburi,Xayaburi,LAO015,LAO
sekong,Sekong,LAO017,LAO
plain of jars,Plain of Jars,LAO018,LAO
xieng khouang,Xieng Khouang,LAO018,LAO
bekaa valley,Bekaa Valley,LBN004,LBN
beqaa,Beqaa,LBN004,LBN
beqaa valley,Beqaa Valley,LBN004,LBN
mont-liban,Mont-Liban,LBN005,LBN
nabatieh,Nabatieh,LBN006,LBN
nabatiyeh,Nabatiyeh,LBN006,LBN
liban-nord,Liban-Nord,LBN007,LBN
liban-sud,Liban-Sud,LBN008,LBN
green mountain,Green Mountain,LBY004,LBY
ash shati district,Ash Shati District,LBY008,LBY
zawiya,Zawiya,LBY010,LBY
benghazi,Benghazi,LBY011,LBY
derna,Derna,LBY012,LBY
ghadames,Ghadames,LBY013,LBY
misrata,Misrata,LBY015,LBY
sirt,Sirt,LBY020,LBY
mohales hoek,Mohales Hoek,LSO006,LSO
qachas nek,Qachas Nek,LSO008,LSO
alytus,Alytus,LTU001,LTU
alytus county,Alytus County,LTU001,LTU
kaunas,Kaunas,LTU002,LTU
kaunas county,Kaunas County,LTU002,LTU
klaipeda,Klaipeda,LTU003,LTU
klaipeda county,Klaipeda County,LTU003,LTU
marijampole,Marijampole,LTU004,LTU
marijampole county,Marijampole County,LTU004,LTU
panevezys,Panevezys,LTU005,LTU
panevezys county,Panevezys County,LTU005,LTU
siauliai,Siauliai,LTU006,LTU
siauliai county,Siauliai County,LTU006,LTU
taurage,Taurage,LTU007,LTU
taurage county,Taurage County,LTU007,LTU
telsiai,Telsiai,LTU008,LTU
telsiai county,Telsiai County,LTU008,LTU
utena,Utena,LTU009,LTU
utena county,Utena County,LTU009,LTU
vilnius,Vilnius,LTU010,LTU
vilnius county,Vilnius County,LTU010,LTU
aluksne municipality,Aluksne Municipality,LVA008,LVA
balvi municipality,Balvi Municipality,LVA015,LVA
bauska municipality,Bauska Municipality,LVA016,LVA
daugavpils city,Daugavpils City,LVA025,LVA
dvinsk,Dvinsk,LVA025,LVA
karsava municipality,Karsava Municipality,LVA048,LVA
kraslava municipality,Kraslava Municipality,LVA053,LVA
kuldiga municipality,Kuldiga Municipality,LVA056,LVA
limbazu municipality,Limbazu Municipality,LVA060,LVA
ludza municipality,Ludza Municipality,LVA063,LVA
madona municipality,Madona Municipality,LVA064,LVA
ogre municipality,Ogre Municipality,LVA072,LVA
rezekne municipality,Rezekne Municipality,LVA083,LVA
rujiena municipality,Rujiena Municipality,LVA090,LVA
salacgriva municipality,Salacgriva Municipality,LVA092,LVA
saldus municipality,Saldus Municipality,LVA095,LVA
sigulda municipality,Sigulda Municipality,LVA098,LVA
laayoune-saguia al hamra,Laayoune-Saguia al Hamra,MAR007,MAR
laayoune-sakia el hamra,Laayoune-Sakia el Hamra,MAR007,MAR
tighina,Tighina,MDA004,MDA
kishinev,Kishinev,MDA010,MDA
dubossary,Dubossary,MDA015,MDA
pridnestrovie,Pridnestrovie,MDA035,MDA
trans-dniester,Trans-Dniester,MDA035,MDA
transdniestria,Transdniestria,MDA035,MDA
autonomous territorial unit of gagauzia,Autonomous Territorial Unit of Gagauzia,MDA037,MDA
diego suarez,Diego Suarez,MDG030,MDG
majunga,Majunga,MDG032,MDG
tamatave,Tamatave,MDG033,MDG
tulear,Tulear,MDG034,MDG
baja california norte,Baja California Norte,MEX002,MEX
northeastern region,Northeastern Region,MKD002,MKD
pelagonija,Pelagonija,MKD003,MKD
southeastern region,Southeastern Region,MKD006,MKD
southwestern region,Southwestern Region,MKD007,MKD
bamako capital district,Bamako Capital District,MLI001,MLI
bamako district,Bamako District,MLI001,MLI
timbuktu,Timbuktu,MLI009,MLI
timbuktu region,Timbuktu Region,MLI009,MLI
vittoriosa,Vittoriosa,MLT003,MLT
cospicua,Cospicua,MLT006,MLT
senglea,Senglea,MLT020,MLT
silent city,Silent City,MLT029,MLT
rahal gdid,Rahal Gdid,MLT038,MLT
rabat,Rabat,MLT044,MLT
rabat gozo,Rabat Gozo,MLT045,MLT
saint julian's,Saint Julian's,MLT047,MLT
st julian's,St Julian's,MLT047,MLT
san giovanni,San Giovanni,MLT048,MLT
st lawrence,St Lawrence,MLT049,MLT
saint paul's bay,Saint Paul's Bay,MLT050,MLT
st paul's bay,St Paul's Bay,MLT050,MLT
santa lucia,Santa Lucia,MLT052,MLT
ta xbiex,Ta Xbiex,MLT057,MLT
irrawaddy,Irrawaddy,MMR001,MMR
pegu,Pegu,MMR002,MMR
karenni,Karenni,MMR005,MMR
karen,Karen,MMR006,MMR
magwe,Magwe,MMR007,MMR
nay pyi taw,Nay Pyi Taw,MMR010,MMR
naypyidaw union territory,Naypyidaw Union Territory,MMR010,MMR
arakan,Arakan,MMR011,MMR
tenasserim,Tenasserim,MMR014,MMR
rangoon,Rangoon,MMR015,MMR
rozaje,Rozaje,MNE017,MNE
ulaanbaatar city,Ulaanbaatar City,MNG011,MNG
ulan bator,Ulan Bator,MNG011,MNG
south gobi,South Gobi,MNG046,MNG
middle gobi,Middle Gobi,MNG048,MNG
south khangai,South Khangai,MNG062,MNG
uvurkhangai,Uvurkhangai,MNG062,MNG
north khangai,North Khangai,MNG065,MNG
hovsgol,Hovsgol,MNG067,MNG
bayan-olgi,Bayan-Olgi,MNG083,MNG
bayan-ulgii,Bayan-Ulgii,MNG083,MNG
ubsunur,Ubsunur,MNG085,MNG
uvs province,Uvs Province,MNG085,MNG
maputo city,Maputo City,MOZ002,MOZ
dakhlet nouadhibou,Dakhlet Nouadhibou,MRT004,MRT
hodh ech chargui,Hodh Ech Chargui,MRT007,MRT
hodh el chargui,Hodh el Chargui,MRT007,MRT
hodh el gharby,Hodh El Gharby,MRT008,MRT
tiris zemmour,Tiris Zemmour,MRT012,MRT
nouakchott north,Nouakchott North,MRT014,MRT
nouakchott west,Nouakchott West,MRT015,MRT
nouakchott south,Nouakchott South,MRT016,MRT
malacca,Malacca,MYS006,MYS
penang,Penang,MYS011,MYS
caprivi strip,Caprivi Strip,NAM001,NAM
zambezi region,Zambezi Region,NAM001,NAM
kavango east,Kavango East,NAM005,NAM
kavango west,Kavango West,NAM005,NAM
windhoek region,Windhoek Region,NAM006,NAM
niamey capital district,Niamey Capital District,NER008,NER
niamey urban community,Niamey Urban Community,NER008,NER
akwa ibom,Akwa Ibom,NGA003,NGA
abuja,Abuja,NGA015,NGA
nasarawa,Nasarawa,NGA026,NGA
north atlantic autonomous region,North Atlantic Autonomous Region,NIC014,NIC
north caribbean coast autonomous region,North Caribbean Coast Autonomous Region,NIC014,NIC
raccn,RACCN,NIC014,NIC
raccs,RACCS,NIC015,NIC
south atlantic autonomous region,South Atlantic Autonomous Region,NIC015,NIC
south caribbean coast autonomous region,South Caribbean Coast Autonomous Region,NIC015,NIC
frisia,Frisia,NLD003,NLD
north brabant,North Brabant,NLD007,NLD
finmark,Finmark,NOR004,NOR
more og romsdal,More og Romsdal,NOR007,NOR
nord-trondelag,Nord-Trondelag,NOR008,NOR
ostfold,Ostfold,NOR010,NOR
sor-trondelag,Sor-Trondelag,NOR014,NOR
far-western province,Far-Western Province,NPL004,NPL
madesh,Madesh,NPL007,NPL
manawatu-whanganui,Manawatu-Whanganui,NZL08,NZL
ad dakhiliyah,Ad Dakhiliyah,OMN001,OMN
dakhiliyah,Dakhiliyah,OMN001,OMN
dakhliyah,Dakhliyah,OMN001,OMN
ash sharqiyah,Ash Sharqiyah,OMN002,OMN
east region,East Region,OMN002,OMN
sharqiyah,Sharqiyah,OMN002,OMN
al batinah,Al Batinah,OMN003,OMN
batinah,Batinah,OMN003,OMN
ad dhahirah,Ad Dhahirah,OMN004,OMN
dhufar,Dhufar,OMN006,OMN
zufar,Zufar,OMN006,OMN
musandam peninsula,Musandam Peninsula,OMN007,OMN
islamabad capital territory,Islamabad Capital Territory,PAK003,PAK
guna yala,Guna Yala,PAN008,PAN
san blas,San Blas,PAN008,PAN
ngobe bugle,Ngobe Bugle,PAN010,PAN
cuzco,Cuzco,PER008,PER
mother of god,Mother of God,PER017,PER
bicolandia,Bicolandia,PHL005,PHL
metro manila,Metro Manila,PHL013,PHL
simbu,Simbu,PNG003,PNG
port moresby,Port Moresby,PNG015,PNG
west sepik,West Sepik,PNG018,PNG
lower silesia,Lower Silesia,POL001,POL
kuyavian-pomeranian,Kuyavian-Pomeranian,POL002,POL
lodz,Lodz,POL003,POL
masovian,Masovian,POL007,POL
mazovia,Mazovia,POL007,POL
opole,Opole,POL008,POL
subcarpathian,Subcarpathian,POL009,POL
podlachia,Podlachia,POL010,POL
pomerania,Pomerania,POL011,POL
pomeranian,Pomeranian,POL011,POL
silesia,Silesia,POL012,POL
silesian,Silesian,POL012,POL
holy cross,Holy Cross,POL013,POL
masuria,Masuria,POL014,POL
warmian-masurian,Warmian-Masurian,POL014,POL
west pomerania,West Pomerania,POL016,POL
west pomeranian,West Pomeranian,POL016,POL
chagang province,Chagang Province,PRK001,PRK
north hamgyong,North Hamgyong,PRK002,PRK
north hamgyong province,North Hamgyong Province,PRK002,PRK
south hamgyong,South Hamgyong,PRK003,PRK
south hamgyong province,South Hamgyong Province,PRK003,PRK
north hwanghae,North Hwanghae,PRK004,PRK
north hwanghae province,North Hwanghae Province,PRK004,PRK
south hwanghae,South Hwanghae,PRK005,PRK
south hwanghae province,South Hwanghae Province,PRK005,PRK
kaesong city,Kaesong City,PRK006,PRK
kangwon province,Kangwon Province,PRK007,PRK
north p'yongan,North P'yongan,PRK008,PRK
north pyongan,North Pyongan,PRK008,PRK
north pyongan province,North Pyongan Province,PRK008,PRK
south p'yongan,South P'yongan,PRK009,PRK
south pyongan,South Pyongan,PRK009,PRK
south pyongan province,South Pyongan Province,PRK009,PRK
pyongyang,Pyongyang,PRK010,PRK
pyongyang city,Pyongyang City,PRK010,PRK
ryanggang province,Ryanggang Province,PRK011,PRK
yanggang province,Yanggang Province,PRK011,PRK
braganza,Braganza,PRT005,PRT
lisbon,Lisbon,PRT012,PRT
oporto,Oporto,PRT015,PRT
khan younis,Khan Younis,PSE009,PSE
khan yunes,Khan Yunes,PSE009,PSE
doha,Doha,QAT001,QAT
al khor,Al Khor,QAT004,QAT
al wakrah,Al Wakrah,QAT005,QAT
al rayyan,Al Rayyan,QAT006,QAT
al shamal,Al Shamal,QAT007,QAT
kronstadt,Kronstadt,ROU009,ROU
bucharest,Bucharest,ROU010,ROU
adygea,Adygea,RUS001,RUS
republic of adygea,Republic of Adygea,RUS001,RUS
agin-buryat autonomous okrug,Agin-Buryat Autonomous Okrug,RUS002,RUS
ust-orda buryat autonomous okrug,Ust-Orda Buryat Autonomous Okrug,RUS002,RUS
altai republic,Altai Republic,RUS003,RUS
republic of altai,Republic of Altai,RUS003,RUS
altai krai,Altai Krai,RUS004,RUS
amur oblast,Amur Oblast,RUS005,RUS
arkhangelsk oblast,Arkhangelsk Oblast,RUS006,RUS
astrakhan oblast,Astrakhan Oblast,RUS007,RUS
republic of bashkortostan,Republic of Bashkortostan,RUS008,RUS
belgorod oblast,Belgorod Oblast,RUS009,RUS
bryansk oblast,Bryansk Oblast,RUS010,RUS
buryatia,Buryatia,RUS011,RUS
republic of buryatia,Republic of Buryatia,RUS011,RUS
chechen republic,Chechen Republic,RUS012,RUS
republic of chechnya,Republic of Chechnya,RUS012,RUS
chelyabinsk oblast,Chelyabinsk Oblast,RUS013,RUS
chita oblast,Chita Oblast,RUS014,RUS
zabaykalsky krai,Zabaykalsky Krai,RUS014,RUS
chukotka,Chukotka,RUS015,RUS
chukotka autonomous okrug,Chukotka Autonomous Okrug,RUS015,RUS
chuvash republic,Chuvash Republic,RUS016,RUS
chuvashia,Chuvashia,RUS016,RUS
republic of dagestan,Republic of Dagestan,RUS017,RUS
evenk autonomous okrug,Evenk Autonomous Okrug,RUS018,RUS
evenkia,Evenkia,RUS018,RUS
ingushetia,Ingushetia,RUS019,RUS
republic of ingushetia,Republic of Ingushetia,RUS019,RUS
irkutsk oblast,Irkutsk Oblast,RUS020,RUS
kabardino-balkaria,Kabardino-Balkaria,RUS022,RUS
kalmykia,Kalmykia,RUS024,RUS
kamchatka,Kamchatka,RUS026,RUS
kamchatka oblast,Kamchatka Oblast,RUS026,RUS
karachay-cherkessia,Karachay-Cherkessia,RUS027,RUS
karachay-cherkessia republic,Karachay-Cherkessia Republic,RUS027,RUS
karelia,Karelia,RUS028,RUS
republic of karelia,Republic of Karelia,RUS028,RUS
khabarovsk krai,Khabarovsk Krai,RUS030,RUS
khakassia,Khakassia,RUS031,RUS
republic of khakassia,Republic of Khakassia,RUS031,RUS
khanty-mansiysk autonomous okrug,Khanty-Mansiysk Autonomous Okrug,RUS032,RUS
yugra,Yugra,RUS032,RUS
komi republic,Komi Republic,RUS034,RUS
komi-permyak okrug,Komi-Permyak Okrug,RUS035,RUS
koryak autonomous okrug,Koryak Autonomous Okrug,RUS036,RUS
koryak okrug,Koryak Okrug,RUS036,RUS
krasnodar krai,Krasnodar Krai,RUS038,RUS
krasnoyarsk krai,Krasnoyarsk Krai,RUS039,RUS
kursk,Kursk,RUS041,RUS
kursk oblast,Kursk Oblast,RUS041,RUS
leningrad oblast,Leningrad Oblast,RUS042,RUS
lipetsk oblast,Lipetsk Oblast,RUS043,RUS
magadan oblast,Magadan Oblast,RUS044,RUS
mari el republic,Mari El Republic,RUS045,RUS
republic of mari el,Republic of Mari El,RUS045,RUS
mordovia,Mordovia,RUS046,RUS
republic of mordovia,Republic of Mordovia,RUS046,RUS
moscow oblast,Moscow Oblast,RUS047,RUS
moscow region,Moscow Region,RUS047,RUS
moscow,Moscow,RUS048,RUS
murmansk oblast,Murmansk Oblast,RUS049,RUS
nenets,Nenets,RUS051,RUS
nenets autonomous okrug,Nenets Autonomous Okrug,RUS051,RUS
nizhni novgorod oblast,Nizhni Novgorod Oblast,RUS052,RUS
nizhny novgorod oblast,Nizhny Novgorod Oblast,RUS052,RUS
novgorod oblast,Novgorod Oblast,RUS053,RUS
novosibirsk oblast,Novosibirsk Oblast,RUS054,RUS
omsk oblast,Omsk Oblast,RUS055,RUS
orenburg oblast,Orenburg Oblast,RUS056,RUS
orel oblast,Orel Oblast,RUS057,RUS
oryol oblast,Oryol Oblast,RUS057,RUS
penza oblast,Penza Oblast,RUS058,RUS
perm krai,Perm Krai,RUS059,RUS
perm oblast,Perm Oblast,RUS059,RUS
maritime province,Maritime Province,RUS060,RUS
maritime territory,Maritime Territory,RUS060,RUS
primorsky krai,Primorsky Krai,RUS060,RUS
pskov oblast,Pskov Oblast,RUS061,RUS
rostov oblast,Rostov Oblast,RUS062,RUS
ryazan oblast,Ryazan Oblast,RUS063,RUS
sakha republic,Sakha Republic,RUS064,RUS
yakutia,Yakutia,RUS064,RUS
samara oblast,Samara Oblast,RUS066,RUS
saint petersburg,Saint Petersburg,RUS067,RUS
st. petersburg,St. Petersburg,RUS067,RUS
saratov oblast,Saratov Oblast,RUS068,RUS
north ossetia,North Ossetia,RUS069,RUS
north ossetia-alania,North Ossetia-Alania,RUS069,RUS
smolensk oblast,Smolensk Oblast,RUS070,RUS
stavropol krai,Stavropol Krai,RUS071,RUS
stavropol kray,Stavropol Kray,RUS071,RUS
sverdlovsk oblast,Sverdlovsk Oblast,RUS072,RUS
tambov oblast,Tambov Oblast,RUS073,RUS
republic of tatarstan,Republic of Tatarstan,RUS074,RUS
dolgano-nenets autonomous okrug,Dolgano-Nenets Autonomous Okrug,RUS075,RUS
taymyr autonomous okrug,Taymyr Autonomous Okrug,RUS075,RUS
tomsk oblast,Tomsk Oblast,RUS076,RUS
tula oblast,Tula Oblast,RUS077,RUS
tver oblast,Tver Oblast,RUS078,RUS
tyumen oblast,Tyumen Oblast,RUS079,RUS
tuva republic,Tuva Republic,RUS080,RUS
tyva republic,Tyva Republic,RUS080,RUS
udmurt republic,Udmurt Republic,RUS081,RUS
udmurtia,Udmurtia,RUS081,RUS
ulyanovsk oblast,Ulyanovsk Oblast,RUS082,RUS
vladimir oblast,Vladimir Oblast,RUS084,RUS
volgograd oblast,Volgograd Oblast,RUS085,RUS
vologda oblast,Vologda Oblast,RUS086,RUS
voronezh oblast,Voronezh Oblast,RUS087,RUS
yamalo-nenets,Yamalo-Nenets,RUS088,RUS
yamalo-nenets autonomous okrug,Yamalo-Nenets Autonomous Okrug,RUS088,RUS
yaroslavl oblast,Yaroslavl Oblast,RUS089,RUS
jewish autonomous oblast,Jewish Autonomous Oblast,RUS090,RUS
jewish autonomous region,Jewish Autonomous Region,RUS090,RUS
northern province,Northern Province,RWA003,RWA
southern province,Southern Province,RWA004,RWA
western province,Western Province,RWA005,RWA
aseer,Aseer,SAU001,SAU
northern border region,Northern Border Region,SAU003,SAU
northern borders,Northern Borders,SAU003,SAU
al qassim,Al Qassim,SAU006,SAU
qassim,Qassim,SAU006,SAU
riyadh,Riyadh,SAU007,SAU
hail,Hail,SAU009,SAU
jazan,Jazan,SAU010,SAU
makkah al-mukarramah,Makkah al-Mukarramah,SAU011,SAU
mecca,Mecca,SAU011,SAU
gezira,Gezira,SDN001,SDN
al qadarif,Al Qadarif,SDN003,SDN
north darfur,North Darfur,SDN008,SDN
north kordofan,North Kordofan,SDN009,SDN
south darfur,South Darfur,SDN012,SDN
south kordofan,South Kordofan,SDN013,SDN
west darfur,West Darfur,SDN014,SDN
saint-louis,Saint-Louis,SEN015,SEN
galguduud,Galguduud,SOM006,SOM
hiran,Hiran,SOM008,SOM
middle juba,Middle Juba,SOM009,SOM
jubaland,Jubaland,SOM010,SOM
lower juba,Lower Juba,SOM010,SOM
middle shabelle,Middle Shabelle,SOM014,SOM
middle shebelle,Middle Shebelle,SOM014,SOM
lower shabelle,Lower Shabelle,SOM015,SOM
lower shebelle,Lower Shebelle,SOM015,SOM
bor district,Bor District,SRB001,SRB
branicevo district,Branicevo District,SRB002,SRB
belgrade,Belgrade,SRB003,SRB
city of belgrade,City of Belgrade,SRB003,SRB
jablanica district,Jablanica District,SRB004,SRB
south backa,South Backa,SRB005,SRB
south banat,South Banat,SRB006,SRB
kolubara district,Kolubara District,SRB007,SRB
macva district,Macva District,SRB008,SRB
moravica district,Moravica District,SRB009,SRB
nisava district,Nisava District,SRB010,SRB
pcinja district,Pcinja District,SRB011,SRB
pirot district,Pirot District,SRB012,SRB
podunavlje district,Podunavlje District,SRB013,SRB
pomoravlje district,Pomoravlje District,SRB014,SRB
rasina district,Rasina District,SRB015,SRB
raska district,Raska District,SRB016,SRB
north backa,North Backa,SRB017,SRB
north banat,North Banat,SRB018,SRB
central banat,Central Banat,SRB019,SRB
srem district,Srem District,SRB020,SRB
syrmia,Syrmia,SRB020,SRB
sumadija,Sumadija,SRB021,SRB
sumadija district,Šumadija District,SRB021,SRB
toplica,Toplica,SRB022,SRB
toplica district,Toplica District,SRB022,SRB
zajecar,Zajecar,SRB023,SRB
zajecar district,Zajecar District,SRB023,SRB
west backa,West Backa,SRB024,SRB
west backa district,West Bačka District,SRB024,SRB
zlatibor,Zlatibor,SRB025,SRB
zlatibor district,Zlatibor District,SRB025,SRB
zilina region,Zilina Region,SVK008,SVK
upper carniola,Upper Carniola,SVN001,SVN
gorizia,Gorizia,SVN002,SVN
inner carniola-karst,Inner Carniola-Karst,SVN005,SVN
coastal-karst,Coastal-Karst,SVN006,SVN
drava,Drava,SVN008,SVN
mura,Mura,SVN009,SVN
savinja,Savinja,SVN010,SVN
lower sava,Lower Sava,SVN011,SVN
zasavje,Zasavje,SVN012,SVN
blekinge county,Blekinge County,SWE001,SWE
dalarna,Dalarna,SWE002,SWE
dalarna county,Dalarna County,SWE002,SWE
gavleborg county,Gavleborg County,SWE003,SWE
gavleborgs county,Gavleborgs County,SWE003,SWE
halland county,Halland County,SWE005,SWE
jamtland,Jamtland,SWE006,SWE
jamtland county,Jamtland County,SWE006,SWE
jonkoping county,Jonkoping County,SWE007,SWE
kalmar county,Kalmar County,SWE008,SWE
kronoberg county,Kronoberg County,SWE009,SWE
norrbotten,Norrbotten,SWE010,SWE
norrbotten county,Norrbotten County,SWE010,SWE
orebro county,Orebro County,SWE011,SWE
ostergotland,Ostergotland,SWE012,SWE
ostergotland county,Ostergotland County,SWE012,SWE
scania,Scania,SWE013,SWE
skane county,Skane County,SWE013,SWE
sodermanland,Sodermanland,SWE014,SWE
sodermanland county,Sodermanland County,SWE014,SWE
stockholm county,Stockholm County,SWE015,SWE
uppsala county,Uppsala County,SWE016,SWE
varmland,Varmland,SWE017,SWE
varmland county,Varmland County,SWE017,SWE
vasterbotten,Vasterbotten,SWE018,SWE
vasterbotten county,Vasterbotten County,SWE018,SWE
vasternorrland,Vasternorrland,SWE019,SWE
vasternorrland county,Vasternorrland County,SWE019,SWE
vastmanland,Vastmanland,SWE020,SWE
vastmanland county,Vastmanland County,SWE020,SWE
vastra gotaland,Vastra Gotaland,SWE021,SWE
vastra gotaland county,Vastra Gotaland County,SWE021,SWE
west gotaland county,West Gotaland County,SWE021,SWE
hasaka,Hasaka,SYR001,SYR
ar raqqa,Ar Raqqa,SYR003,SYR
raqqa,Raqqa,SYR003,SYR
suweida,Suweida,SYR004,SYR
sweida,Sweida,SYR004,SYR
damascus governorate,Damascus Governorate,SYR005,SYR
daraa,Daraa,SYR006,SYR
dera,Dera,SYR006,SYR
deir al-zour,Deir al-Zour,SYR007,SYR
deir ez-zor,Deir ez-Zor,SYR007,SYR
homs,Homs,SYR009,SYR
lattakia,Lattakia,SYR011,SYR
al quneitra,Al Quneitra,SYR012,SYR
golan,Golan,SYR012,SYR
damascus countryside,Damascus Countryside,SYR013,SYR
rural damascus,Rural Damascus,SYR013,SYR
tartous,Tartous,SYR014,SYR
east ennedi,East Ennedi,TCD005,TCD
west ennedi,West Ennedi,TCD006,TCD
western logone,Western Logone,TCD011,TCD
eastern logone,Eastern Logone,TCD012,TCD
east mayo-kebbi,East Mayo-Kebbi,TCD014,TCD
west mayo-kebbi,West Mayo-Kebbi,TCD015,TCD
middle chari,Middle Chari,TCD016,TCD
ouadai,Ouadai,TCD017,TCD
wadai,Wadai,TCD017,TCD
ndjamena,Ndjamena,TCD022,TCD
savannas region,Savannas Region,TGO005,TGO
bangkok metropolis,Bangkok Metropolis,THA003,THA
krung thep,Krung Thep,THA003,THA
kamphaeng phet,Kamphaeng Phet,THA014,THA
korat,Korat,THA028,THA
nakhon si tammarat,Nakhon Si Tammarat,THA030,THA
patani,Patani,THA037,THA
phang nga,Phang Nga,THA039,THA
phang-nga,Phang-nga,THA039,THA
ayutthaya,Ayutthaya,THA046,THA
phuket island,Phuket Island,THA048,THA
prachuap khiri khan,Prachuap Khiri Khan,THA049,THA
samut prakan,Samut Prakan,THA056,THA
samut songkhram,Samut Songkhram,THA058,THA
songkla,Songkla,THA063,THA
trat,Trat,THA069,THA
gbao,GBAO,TJK001,TJK
gorno-badakhshan,Gorno-Badakhshan,TJK001,TJK
gorno-badakhshan autonomous oblast,Gorno-Badakhshan Autonomous Oblast,TJK001,TJK
dushanbe city,Dushanbe City,TJK003,TJK
sogd province,Sogd Province,TJK005,TJK
balkanabat region,Balkanabat Region,TKM002,TKM
charjew,Charjew,TKM003,TKM
lebap,Lebap,TKM003,TKM
dashhowuz,Dashhowuz,TKM005,TKM
dashoguz,Dashoguz,TKM005,TKM
oe-cusse ambeno,Oe-Cusse Ambeno,TLS012,TLS
oecusse,Oecusse,TLS012,TLS
oecussi-ambeno,Oecussi-Ambeno,TLS012,TLS
medenine,Medenine,TUN013,TUN
tunis governorate,Tunis Governorate,TUN022,TUN
zaghouan governorate,Zaghouan Governorate,TUN023,TUN
ariana governorate,Ariana Governorate,TUN024,TUN
manouba governorate,Manouba Governorate,TUN025,TUN
afyonkarahisar,Afyonkarahisar,TUR003,TUR
antioch,Antioch,TUR036,TUR
mersin,Mersin,TUR037,TUR
smyrna,Smyrna,TUR041,TUR
kahramanmaras,Kahramanmaras,TUR042,TUR
caesarea,Caesarea,TUR047,TUR
izmit,Izmit,TUR052,TUR
iconium,Iconium,TUR053,TUR
cappadocia,Cappadocia,TUR060,TUR
urfa,Urfa,TUR067,TUR
trebizond,Trebizond,TUR074,TUR
lake van province,Lake Van Province,TUR077,TUR
dar es salaam,Dar es Salaam,TZA002,TZA
north pemba,North Pemba,TZA007,TZA
north unguja,North Unguja,TZA008,TZA
north zanzibar,North Zanzibar,TZA008,TZA
south pemba,South Pemba,TZA012,TZA
south unguja,South Unguja,TZA013,TZA
south zanzibar,South Zanzibar,TZA013,TZA
urban west,Urban West,TZA018,TZA
zanzibar city,Zanzibar City,TZA018,TZA
coast region,Coast Region,TZA023,TZA
rovuma,Rovuma,TZA025,TZA
gulu district,Gulu District,UGA030,UGA
hoima district,Hoima District,UGA031,UGA
jinja district,Jinja District,UGA035,UGA
kabale district,Kabale District,UGA037,UGA
cherkasy,Cherkasy,UKR001,UKR
cherkasy oblast,Cherkasy Oblast,UKR001,UKR
chernihiv,Chernihiv,UKR002,UKR
chernihiv oblast,Chernihiv Oblast,UKR002,UKR
chernivtsi,Chernivtsi,UKR003,UKR
chernivtsi oblast,Chernivtsi Oblast,UKR003,UKR
autonomous republic of crimea,Autonomous Republic of Crimea,UKR004,UKR
dnipro oblast,Dnipro Oblast,UKR005,UKR
dnipropetrovsk,Dnipropetrovsk,UKR005,UKR
dnipropetrovsk oblast,Dnipropetrovsk Oblast,UKR005,UKR
donetsk,Donetsk,UKR006,UKR
donetsk oblast,Donetsk Oblast,UKR006,UKR
ivano-frankivsk,Ivano-Frankivsk,UKR007,UKR
ivano-frankivsk oblast,Ivano-Frankivsk Oblast,UKR007,UKR
kharkiv,Kharkiv,UKR008,UKR
kharkiv oblast,Kharkiv Oblast,UKR008,UKR
kherson,Kherson,UKR009,UKR
kherson oblast,Kherson Oblast,UKR009,UKR
khmelnitsky oblast,Khmelnitsky Oblast,UKR010,UKR
khmelnytskyi,Khmelnytskyi,UKR010,UKR
khmelnytskyi oblast,Khmelnytskyi Oblast,UKR010,UKR
kirovohrad oblast,Kirovohrad Oblast,UKR011,UKR
kropyvnytskyi oblast,Kropyvnytskyi Oblast,UKR011,UKR
kiev oblast,Kiev Oblast,UKR012,UKR
kyiv oblast,Kyiv Oblast,UKR012,UKR
lviv,Lviv,UKR013,UKR
lviv oblast,Lviv Oblast,UKR013,UKR
lugansk oblast,Lugansk Oblast,UKR014,UKR
luhansk,Luhansk,UKR014,UKR
luhansk oblast,Luhansk Oblast,UKR014,UKR
mykolaiv,Mykolaiv,UKR015,UKR
mykolaiv oblast,Mykolaiv Oblast,UKR015,UKR
nikolaev oblast,Nikolaev Oblast,UKR015,UKR
odesa oblast,Odesa Oblast,UKR016,UKR
odessa,Odessa,UKR016,UKR
odessa oblast,Odessa Oblast,UKR016,UKR
poltava,Poltava,UKR017,UKR
poltava oblast,Poltava Oblast,UKR017,UKR
rivne,Rivne,UKR018,UKR
rivne oblast,Rivne Oblast,UKR018,UKR
rovno oblast,Rovno Oblast,UKR018,UKR
sumy,Sumy,UKR019,UKR
sumy oblast,Sumy Oblast,UKR019,UKR
ternopil oblast,Ternopil Oblast,UKR020,UKR
vinnytsia,Vinnytsia,UKR021,UKR
vinnytsia oblast,Vinnytsia Oblast,UKR021,UKR
volhynia,Volhynia,UKR022,UKR
volhynia oblast,Volhynia Oblast,UKR022,UKR
volyn oblast,Volyn Oblast,UKR022,UKR
transcarpathia,Transcarpathia,UKR023,UKR
zakarpattia,Zakarpattia,UKR023,UKR
zakarpattia oblast,Zakarpattia Oblast,UKR023,UKR
zaporizhia oblast,Zaporizhia Oblast,UKR024,UKR
zaporizhzhia,Zaporizhzhia,UKR024,UKR
zaporizhzhia oblast,Zaporizhzhia Oblast,UKR024,UKR
zhytomyr,Zhytomyr,UKR025,UKR
zhytomyr oblast,Zhytomyr Oblast,UKR025,UKR
andizhan,Andizhan,UZB001,UZB
buxoro,Buxoro,UZB002,UZB
farghona,Farghona,UZB003,UZB
qoraqalpogiston,Qoraqalpogiston,UZB005,UZB
republic of karakalpakstan,Republic of Karakalpakstan,UZB005,UZB
qashqadaryo,Qashqadaryo,UZB006,UZB
khwarazm,Khwarazm,UZB007,UZB
xorazm,Xorazm,UZB007,UZB
navoi,Navoi,UZB009,UZB
samarqand,Samarqand,UZB010,UZB
syr darya,Syr Darya,UZB011,UZB
syrdarya,Syrdarya,UZB011,UZB
surxondaryo,Surxondaryo,UZB012,UZB
capital district,Capital District,VEN011,VEN
can tho city,Can Tho City,VNM013,VNM
da nang city,Da Nang City,VNM015,VNM
danang,Danang,VNM015,VNM
dak lac,Dak Lac,VNM016,VNM
dak lak,Dak Lak,VNM016,VNM
dak nong,Dak Nong,VNM017,VNM
hai phong,Hai Phong,VNM026,VNM
ha noi,Ha Noi,VNM027,VNM
ho chi minh city,Ho Chi Minh City,VNM029,VNM
saigon,Saigon,VNM029,VNM
lao kay,Lao Kay,VNM038,VNM
thua thien hue,Thua Thien Hue,VNM057,VNM
urosevac,Urosevac,XKX001,XKX
dakovica,Đakovica,XKX002,XKX
djakovica,Djakovica,XKX002,XKX
gnjilane,Gnjilane,XKX003,XKX
kosovska mitrovica,Kosovska Mitrovica,XKX004,XKX
mitrovica,Mitrovica,XKX004,XKX
pristina,Pristina,XKX006,XKX
aden,Aden,YEM001,YEM
al baida,Al Baida,YEM003,YEM
ad dali,Ad Dali,YEM004,YEM
hodeida,Hodeida,YEM005,YEM
hodeidah,Hodeidah,YEM005,YEM
al mahra,Al Mahra,YEM007,YEM
hadhramaut,Hadhramaut,YEM011,YEM
hadhramawt,Hadhramawt,YEM011,YEM
marib,Marib,YEM015,YEM
saada,Saada,YEM017,YEM
sadah,Sadah,YEM017,YEM
sanaa,Sanaa,YEM018,YEM
sanaa city,Sanaa City,YEM019,YEM
taiz,Taiz,YEM022,YEM
kwazulu-natal,KwaZulu-Natal,ZAF004,ZAF
